YEAR,MO,DY,Temprature,Humidity,Rainfall,Wind
2018,1,1,18.72,7.07,0,2.45
2018,1,2,18.31,6.64,0,2.57
2018,1,3,18.44,7.06,0,2.96
2018,1,4,19.13,6.9,0,2.06
2018,1,5,18.66,7.2,0,2.21
2018,1,6,17.86,6.06,0,2.69
2018,1,7,17.38,5.59,0,2.35
2018,1,8,18.75,6.12,0,2.64
2018,1,9,18.53,6.86,0,3.62
2018,1,10,20.08,6.55,0,3.73
2018,1,11,21.65,7.48,0,2.93
2018,1,12,23.11,7.97,0,2.8
2018,1,13,23.46,8.81,0,2.8
2018,1,14,24.01,9.45,0,2.34
2018,1,15,24.41,9.56,0,2.7
2018,1,16,23.49,7.68,0,2.76
2018,1,17,23.8,7.25,0,2.01
2018,1,18,22.5,6.27,0,1.96
2018,1,19,22,6,0,2.51
2018,1,20,21.75,5.7,0,2.89
2018,1,21,22.09,6.19,0,1.82
2018,1,22,21.61,5.85,0,2.5
2018,1,23,19.7,7.3,0.92,3.09
2018,1,24,18.67,4.93,0,2.28
2018,1,25,18.88,3.08,0,2.77
2018,1,26,19.05,2.73,0,2.93
2018,1,27,20.16,3.49,0,2.21
2018,1,28,20.94,4.7,0,2.2
2018,1,29,21.4,4.1,0,2.74
2018,1,30,21.8,3.62,0,3.65
2018,1,31,23.16,3.51,0,2.62
2018,2,1,23.11,3.56,0,2.27
2018,2,2,23.7,4.03,0,2.1
2018,2,3,23.44,4.49,0,2.37
2018,2,4,23.42,4.41,0,2.86
2018,2,5,24.17,5.19,0,1.92
2018,2,6,23.26,5.48,0,1.5
2018,2,7,23.29,5.72,0,2.66
2018,2,8,21.97,6.9,0,2.72
2018,2,9,21.44,5.85,0,2.06
2018,2,10,21.8,5.31,0,2.92
2018,2,11,21.73,7.56,0,2.99
2018,2,12,20.28,7.31,0,2.67
2018,2,13,21.19,5.17,0,2.37
2018,2,14,22.98,7.76,0,4.96
2018,2,15,24.13,7.37,0,4.2
2018,2,16,24.48,5.99,0,3.42
2018,2,17,24.15,3.95,0,2.85
2018,2,18,24.26,3.9,0,2.73
2018,2,19,24.86,4.48,0,2.7
2018,2,20,25.4,4.83,0,2.45
2018,2,21,25.23,4.73,0,2.34
2018,2,22,25.93,5.22,0,2.38
2018,2,23,26.65,5.75,0,2.38
2018,2,24,27.01,6.57,0,2.55
2018,2,25,27.36,6.29,0,2.79
2018,2,26,27.9,6.34,0,2.69
2018,2,27,27.86,5.97,0,2.74
2018,2,28,28.06,5.53,0,2.66
2018,3,1,27.98,5.84,0,1.95
2018,3,2,27.98,6.06,0,2.12
2018,3,3,27.37,5.22,0,2.62
2018,3,4,26.84,5.56,0,2.56
2018,3,5,26.73,6.16,0,2.52
2018,3,6,27.52,5.8,0,2.72
2018,3,7,27.9,5.8,0,4.03
2018,3,8,27.89,6.4,0,1.93
2018,3,9,27.83,6.34,0,2.72
2018,3,10,28.57,5.75,0,2.84
2018,3,11,28.85,4.61,0,3.43
2018,3,12,27.72,3.92,0,2.99
2018,3,13,27.67,4.42,0,3.23
2018,3,14,27.12,3.97,0,3.42
2018,3,15,26.46,5.16,0,1.97
2018,3,16,27.71,6.61,0,1.92
2018,3,17,27.72,6.56,0,1.62
2018,3,18,28.81,7.79,0.14,3.18
2018,3,19,27.89,8.38,0.15,3.12
2018,3,20,26.41,8.24,0,3.14
2018,3,21,24.96,7.83,0,3.51
2018,3,22,23.9,7.9,0,3.34
2018,3,23,23.96,7.28,0,1.7
2018,3,24,27.54,4.38,0,2.52
2018,3,25,29.58,4.09,0,3.73
2018,3,26,30.11,4.32,0,3.48
2018,3,27,30.36,4.67,0,2.35
2018,3,28,28.49,5.4,0,3.11
2018,3,29,28.33,5.92,0,2.91
2018,3,30,28.12,7.82,0,2.78
2018,3,31,27.55,9.45,0,3.23
2018,4,1,28.41,7.26,0,3.22
2018,4,2,29.78,5.98,0,2.71
2018,4,3,29.13,6.6,0,2.62
2018,4,4,30.4,5.93,0,3.01
2018,4,5,29.24,7.08,0,2.96
2018,4,6,27.09,7.65,0,2.44
2018,4,7,28.95,7.97,0,2.73
2018,4,8,28.52,7.4,0,2.94
2018,4,9,29.55,6.19,0,2.08
2018,4,10,29.83,6.46,0.03,2.48
2018,4,11,28.6,8.23,0,3.15
2018,4,12,28.44,9.6,0,3.08
2018,4,13,29.44,8.62,0,2.58
2018,4,14,29.48,8.88,0,3.16
2018,4,15,30.14,9.35,0,2.9
2018,4,16,31.02,11.02,0.01,3.11
2018,4,17,33.14,9.26,0.08,2.26
2018,4,18,31.83,8.53,0.01,3.25
2018,4,19,31.31,6.12,0,3.45
2018,4,20,28.43,10.16,0,4.61
2018,4,21,28.89,9.56,0,3.67
2018,4,22,29.63,7.45,0,3.31
2018,4,23,30.08,6.85,0,2.93
2018,4,24,30.02,5.24,0,2.7
2018,4,25,29.66,5.53,0,3.32
2018,4,26,28.84,8.69,0,3.02
2018,4,27,29.71,9.6,0,3.06
2018,4,28,30.57,10.23,0,3.55
2018,4,29,29.5,11.68,0,4.83
2018,4,30,28.98,11.91,0,5.15
2018,5,1,29.11,11.76,0,4.5
2018,5,2,28.99,11.19,0,4.26
2018,5,3,29.47,10.7,0,3.92
2018,5,4,29.17,10.45,0,3.81
2018,5,5,29.34,11.29,0,3.35
2018,5,6,30.06,11.91,0,3.86
2018,5,7,29.27,10.54,0,4.25
2018,5,8,28.79,10.57,0,3.94
2018,5,9,30.05,9.9,0,3.85
2018,5,10,31.8,9.09,0,3.37
2018,5,11,30.48,12.14,0,3.79
2018,5,12,29.3,12.28,0,4.81
2018,5,13,29.52,13.32,0,4.55
2018,5,14,29.8,12.89,0.09,4.49
2018,5,15,29.75,12.9,0,3.84
2018,5,16,30.42,12.54,0,4.06
2018,5,17,31.25,11.55,0,4.17
2018,5,18,30.28,11.86,0,4.63
2018,5,19,29.61,11.92,0,4.46
2018,5,20,29.7,12.03,0,4.51
2018,5,21,29.64,10.7,0,4.11
2018,5,22,29.63,10.75,0,4.56
2018,5,23,30.55,10.61,0,3.89
2018,5,24,29.96,12.6,0,5.48
2018,5,25,29.72,12.13,0,5.22
2018,5,26,31.26,12.82,0,4.3
2018,5,27,31.87,14.49,0,4.38
2018,5,28,31.03,15.29,0,5.51
2018,5,29,29.57,16.53,0,6.54
2018,5,30,29.05,16.2,0,6.07
2018,5,31,30.13,15.87,0,5.43
2018,6,1,29.89,15.92,0.38,4.76
2018,6,2,29.98,15.77,2.28,4.66
2018,6,3,29.08,16.35,2.4,4.98
2018,6,4,28.47,16.19,1.71,4.82
2018,6,5,28.11,16.49,1.06,3.95
2018,6,6,27.39,17.42,13.19,4.39
2018,6,7,27.36,18.67,9.74,5.95
2018,6,8,26.73,18.59,2.19,6.14
2018,6,9,26.19,18.36,3.5,7.03
2018,6,10,27.23,18.67,2.69,7.62
2018,6,11,27.17,18.59,0.82,7.55
2018,6,12,27.34,18.56,0.08,8.1
2018,6,13,27.62,18.05,0.03,7.76
2018,6,14,27.09,17.52,0.13,7.18
2018,6,15,27.29,17.42,1.43,6.88
2018,6,16,26.99,17.15,8.21,7.24
2018,6,17,26.52,17.58,10.97,7.1
2018,6,18,27.38,17.85,2.82,4.71
2018,6,19,27.54,17.76,0.28,4.24
2018,6,20,27.01,17.98,6.56,4.16
2018,6,21,26,18.38,14.61,4.7
2018,6,22,26.14,17.97,8.49,4.99
2018,6,23,25.38,18.12,25.67,4.47
2018,6,24,24.7,18.08,36.42,5.66
2018,6,25,24.19,19,97.66,7.32
2018,6,26,24.77,18.67,32.61,7.84
2018,6,27,24.64,18.39,3.73,6.28
2018,6,28,24.91,18.27,6.87,5.24
2018,6,29,24.45,18.13,9.48,5.24
2018,6,30,24.67,17.39,1.94,4.77
2018,7,1,25.02,17.48,1.87,5.07
2018,7,2,24.85,18.56,12.99,5.85
2018,7,3,24.51,18.53,34.53,8.09
2018,7,4,24.13,18.6,47.26,8.04
2018,7,5,24.64,18.65,23.23,7.14
2018,7,6,24.58,18.67,13.25,5.57
2018,7,7,24.17,18.72,40.14,6.56
2018,7,8,24.35,18.56,38.66,5.95
2018,7,9,23.86,18.32,39.62,4.76
2018,7,10,23.56,18.07,42.02,6.05
2018,7,11,23.61,18.29,37.65,7.4
2018,7,12,23.5,18.05,38.11,6.46
2018,7,13,23.42,17.73,25.21,5.81
2018,7,14,23.89,18.45,41.71,6.99
2018,7,15,24.3,19.22,51.21,6.42
2018,7,16,24.01,19.02,88.73,8.03
2018,7,17,23.62,18.57,44.45,8.45
2018,7,18,23.82,18.4,17.48,7.76
2018,7,19,23.82,18.27,18.99,7.25
2018,7,20,23.68,18.46,22.53,7.2
2018,7,21,23.62,18.28,30.45,7.85
2018,7,22,23.23,17.77,12.63,7.29
2018,7,23,23.04,17.63,5.07,6.87
2018,7,24,23.51,17.69,4.5,7.24
2018,7,25,23.43,17.69,4.16,7.05
2018,7,26,23.47,17.64,1.87,7.98
2018,7,27,23.14,17.4,1.15,7.82
2018,7,28,23.86,17.69,0.34,6.72
2018,7,29,24,17.77,0.04,6.22
2018,7,30,23.78,17.46,0.31,6.1
2018,7,31,23.58,17.43,0.78,5.92
2018,8,1,24.07,17.69,0.89,6.75
2018,8,2,23.8,17.41,0.79,6.75
2018,8,3,23.59,17.36,5.96,7.25
2018,8,4,23.57,17.39,5.5,7.59
2018,8,5,23.54,17.04,1.75,7.32
2018,8,6,22.94,17.01,0.87,7.66
2018,8,7,23.5,17.16,1.92,6.96
2018,8,8,23.35,17.34,2.01,5.6
2018,8,9,23.94,17.48,3.86,6.67
2018,8,10,23.98,17.3,4.1,7.04
2018,8,11,23.64,17.42,6.21,7.29
2018,8,12,23.42,17.04,8.97,8.35
2018,8,13,23.23,17.21,6.61,7.22
2018,8,14,23.78,17.73,3.03,5.95
2018,8,15,23.64,17.65,4.28,5.74
2018,8,16,23.27,17.71,34.27,6.67
2018,8,17,22.48,17.31,25.24,8.17
2018,8,18,23.24,17.22,4.96,7.39
2018,8,19,23.53,17.34,7.98,6.88
2018,8,20,22.91,17.33,21.8,6.64
2018,8,21,22.54,17.32,29.51,5.96
2018,8,22,23.51,17.55,14.57,6.7
2018,8,23,23.19,17.22,6.15,6.33
2018,8,24,23.35,17.18,5.98,6.19
2018,8,25,23.17,17.11,10.17,6.73
2018,8,26,23.06,17.07,11.51,6.3
2018,8,27,23.1,17.14,9.14,4.95
2018,8,28,22.75,16.75,1.98,3.73
2018,8,29,23.28,16.97,0.82,4.52
2018,8,30,23.02,16.68,1.08,5.31
2018,8,31,23.08,16.74,0.86,5.09
2018,9,1,23.08,16.78,5.2,5.17
2018,9,2,23.07,16.77,6.55,6.21
2018,9,3,22.99,16.61,4.17,5.69
2018,9,4,22.78,16.34,3.53,5.53
2018,9,5,22.67,16.15,1.13,5.51
2018,9,6,22.31,15.83,0.1,4.62
2018,9,7,21.63,15.42,0.16,3.58
2018,9,8,21.89,15.26,0.08,3.96
2018,9,9,22,15.3,0.27,3.44
2018,9,10,21.81,14.83,0.03,2.41
2018,9,11,21.96,15.08,0.03,1.77
2018,9,12,22.23,15.24,0.05,2.93
2018,9,13,22.15,15.43,0.34,3.22
2018,9,14,22.95,16.23,3.7,2.74
2018,9,15,23.43,16.27,0.88,1.93
2018,9,16,23.25,16.21,1.77,2.25
2018,9,17,22.52,15.38,2.11,2.57
2018,9,18,22.78,15.6,10.29,2.12
2018,9,19,23.26,16.4,12.69,2.15
2018,9,20,23.99,16.84,4.76,2.34
2018,9,21,24.33,16.62,0.95,3.25
2018,9,22,23.89,16.91,1.08,5.36
2018,9,23,23.47,16.47,6.86,4
2018,9,24,23.23,15.83,0.01,2.35
2018,9,25,23.88,16.18,0,1.92
2018,9,26,24.41,16.16,0,2.01
2018,9,27,24.38,15.29,0.37,2.12
2018,9,28,24.82,15.76,2.58,2.39
2018,9,29,24.81,15.84,0,2.69
2018,9,30,24.74,14.66,0.01,2.41
2018,10,1,25.19,14.95,11.48,2.32
2018,10,2,25.46,16.12,0.46,2.33
2018,10,3,25.58,16.66,0.28,1.93
2018,10,4,25.58,16.08,0.36,2
2018,10,5,24.98,15.14,1.98,3.12
2018,10,6,24.9,14.09,0.03,3.43
2018,10,7,24.68,13.92,0,3.7
2018,10,8,25.16,12.64,0,3.22
2018,10,9,24.16,13.36,0,2.37
2018,10,10,24.37,12.55,0,2.43
2018,10,11,24.39,12.54,0,2.73
2018,10,12,25.41,13.69,0,2.69
2018,10,13,24.74,11.74,0,3.41
2018,10,14,24.26,11.42,0,2.88
2018,10,15,24.3,10.61,0,2.72
2018,10,16,24.48,11.54,0,2.91
2018,10,17,24.04,11.71,0,1.98
2018,10,18,24.5,12.63,0.91,1.28
2018,10,19,25.25,12.98,0.18,1.85
2018,10,20,25.42,12.57,0,2.19
2018,10,21,25.26,12.36,0,2.27
2018,10,22,24.95,10.69,0.1,2.54
2018,10,23,24.05,7.96,0,2.75
2018,10,24,23.71,7.84,0,2.93
2018,10,25,24.37,11.12,0.13,3.55
2018,10,26,25.1,10.42,0.02,2.39
2018,10,27,24.2,8.88,0,3.43
2018,10,28,23.76,7.9,0,4.03
2018,10,29,22.81,7.18,0,4.13
2018,10,30,22.4,7.19,0,3.75
2018,10,31,22.75,8.68,0,4.32
2018,11,1,23.57,10.57,0,4.28
2018,11,2,24.39,10.45,0,2.91
2018,11,3,25.12,12.5,0,2.87
2018,11,4,25.76,13.66,3.7,1.48
2018,11,5,24.46,14.59,0.85,1.75
2018,11,6,24.52,11.62,0,2.78
2018,11,7,23.78,8.46,0,2.76
2018,11,8,23.36,7.76,0,2.9
2018,11,9,23.57,7.69,0,2.53
2018,11,10,23.86,6.8,0,2.3
2018,11,11,23.17,6.23,0,2.62
2018,11,12,22.87,5.19,0,2.88
2018,11,13,22.66,5.92,0,2.71
2018,11,14,23.71,6.71,0,1.34
2018,11,15,22.93,5.54,0,3.45
2018,11,16,23.44,4.96,0,2.92
2018,11,17,23.93,5.32,0,2.57
2018,11,18,24.5,6.9,0,2.59
2018,11,19,25.52,7.91,0.02,2.23
2018,11,20,25.63,8.89,0.01,1.63
2018,11,21,25.89,10.72,0,1.8
2018,11,22,25.86,9.19,0,3.06
2018,11,23,24.88,7.5,0,4.24
2018,11,24,24.25,6.95,0,3.1
2018,11,25,24.01,6.91,0,2.51
2018,11,26,23.57,5.93,0,2.86
2018,11,27,23.07,4.76,0,3.62
2018,11,28,22.87,4.8,0,3.53
2018,11,29,22.34,4.81,0,3.45
2018,11,30,22.36,4.98,0,3.49
2018,12,1,22.11,5.37,0,3.41
2018,12,2,22.49,6.1,0,2.69
2018,12,3,22.66,6.5,0,2.89
2018,12,4,21.72,7.68,0,3.09
2018,12,5,22.73,7.35,0,2.37
2018,12,6,22.33,6.36,0,2.57
2018,12,7,22.13,6.18,0,2.76
2018,12,8,22.36,5.84,0,3.18
2018,12,9,21.71,5.34,0,2.97
2018,12,10,19.93,4.5,0,2.98
2018,12,11,19.86,4.84,0,2.54
2018,12,12,19.98,5.11,0,2.61
2018,12,13,19.77,5.66,0,3.78
2018,12,14,19.58,4.83,0,5.25
2018,12,15,20.2,5.85,0,5.33
2018,12,16,19.49,4.33,0,4.92
2018,12,17,19.03,5.89,0,5.25
2018,12,18,19.53,5.38,0,3.87
2018,12,19,19.01,3.33,0,3.79
2018,12,20,19.7,3.99,0,3.83
2018,12,21,20.26,4.81,0,2.66
2018,12,22,21.1,4.31,0,2.26
2018,12,23,21.32,5.18,0,2.91
2018,12,24,22.43,6.05,0,2.86
2018,12,25,22.27,6.53,0,2.87
2018,12,26,19.76,4.16,0,3.42
2018,12,27,16.91,2.17,0,3.87
2018,12,28,16.73,1.54,0,4.48
2018,12,29,17.57,1.59,0,4.15
2018,12,30,18.49,2.06,0,4.27
2018,12,31,19.4,2.14,0,4.14
2019,1,1,20.29,2.23,0,2.95
2019,1,2,21.11,2.58,0,2.38
2019,1,3,20.68,2.66,0,2.66
2019,1,4,21.13,2.73,0,3.22
2019,1,5,21.71,3.11,0,2.56
2019,1,6,20.25,3.26,0,3.11
2019,1,7,18.89,2.54,0,4
2019,1,8,19.3,2.13,0,3.85
2019,1,9,19.7,2,0,2.92
2019,1,10,20.08,2.67,0,3.49
2019,1,11,20.33,2.7,0,3.11
2019,1,12,20.47,3.15,0,2.95
2019,1,13,19.76,3.8,0,2.71
2019,1,14,20.23,3.77,0,4.96
2019,1,15,21.22,4.07,0,3.5
2019,1,16,22.01,4.78,0,3.33
2019,1,17,21.85,3.72,0,2.64
2019,1,18,22.12,3.14,0,2.98
2019,1,19,22.92,3.49,0,3.26
2019,1,20,22.79,3.75,0,2.48
2019,1,21,21.51,5.41,0,3.48
2019,1,22,19.34,9.24,0,3.06
2019,1,23,18.58,7.8,0,2.54
2019,1,24,18.75,4.44,0,3.26
2019,1,25,17.66,3.11,0,3.74
2019,1,26,17.46,3.98,0,4.71
2019,1,27,18.14,4.94,0,5.5
2019,1,28,16.72,2.69,0,5.29
2019,1,29,17.65,1.97,0,4.98
2019,1,30,19.21,1.96,0,3.03
2019,1,31,20.78,3.18,0,2.26
2019,2,1,21.06,3.82,0,2.85
2019,2,2,21.86,5.2,0,3.31
2019,2,3,23.8,6.94,0,3.27
2019,2,4,24.14,6.06,0,4.05
2019,2,5,23.64,6.17,0,2.73
2019,2,6,22.26,7.04,0,3.38
2019,2,7,17.83,7.64,0,4.51
2019,2,8,15.2,5.25,0,3.69
2019,2,9,16.44,1.94,0,4.29
2019,2,10,19.38,1.72,0,4.72
2019,2,11,21.83,2.81,0,3.3
2019,2,12,24.76,5.27,0,2.38
2019,2,13,26.23,7.48,0,3.01
2019,2,14,24.79,7.11,0,2.97
2019,2,15,22.91,6.55,0,3.27
2019,2,16,20.88,4.23,0,2.5
2019,2,17,21.74,3.05,0,2.53
2019,2,18,23.89,3.57,0,2.54
2019,2,19,24.63,4.43,0,2.44
2019,2,20,25.81,4.99,0,3.98
2019,2,21,24.79,8.38,0,2.8
2019,2,22,25.81,7.09,0,2.62
2019,2,23,25.92,5.62,0,3.46
2019,2,24,25.47,3.47,0,3.48
2019,2,25,23.86,4.68,0,3.76
2019,2,26,22.07,6.24,0,4.32
2019,2,27,20.8,8.34,0,3.91
2019,2,28,20.64,4.47,0,3.42
2019,3,1,22.94,3.09,0,3.15
2019,3,2,25.26,5.38,0,5.12
2019,3,3,23.14,9.16,0,3.31
2019,3,4,22.45,10.48,0,3.79
2019,3,5,22.57,8,0,3.11
2019,3,6,21.55,6.59,0,2.92
2019,3,7,22.55,5.89,0,2.76
2019,3,8,25.31,5.15,0,2.95
2019,3,9,25.45,6.15,0,3.42
2019,3,10,25.65,4.85,0,3.46
2019,3,11,23.91,6.95,0,3.37
2019,3,12,24.61,6.46,0,2.87
2019,3,13,23.62,6.76,0,3.53
2019,3,14,23.26,6.71,0,3.59
2019,3,15,25.06,4.3,0,2.94
2019,3,16,26.8,4.32,0,3.21
2019,3,17,26.36,3.67,0,3.25
2019,3,18,26.1,4.49,0,3.62
2019,3,19,27.2,4,0,3
2019,3,20,26.5,5.47,0,3.02
2019,3,21,25.32,6.63,0,3.03
2019,3,22,25.71,5.48,0,2.66
2019,3,23,28.09,4.12,0,3.17
2019,3,24,29.24,4.16,0,3.04
2019,3,25,30.04,4.69,0,3.67
2019,3,26,29.83,4.69,0,3.71
2019,3,27,29.56,3.42,0,2.8
2019,3,28,30.52,3.65,0,2.02
2019,3,29,31.11,4.99,0,1.91
2019,3,30,30.52,6.67,0,3.05
2019,3,31,28.55,7.52,0,3.86
2019,4,1,27.84,7.34,0,3.54
2019,4,2,28.74,6.42,0,2.09
2019,4,3,30.1,7.35,0,2.4
2019,4,4,31.04,6.47,0,2.59
2019,4,5,28.69,9.72,0,3.79
2019,4,6,28.49,8.58,0,3.82
2019,4,7,28.69,8.15,0,3.71
2019,4,8,28.84,8.26,0,3.64
2019,4,9,28.04,7.38,0,4.22
2019,4,10,28.68,7.73,0,3.45
2019,4,11,29.94,8.03,0,3.18
2019,4,12,30.44,7.89,0,3.09
2019,4,13,31.3,7.31,0,2.47
2019,4,14,32.37,7.48,0,2.18
2019,4,15,30.56,8.68,3.51,2.54
2019,4,16,28.31,10.8,2.49,3.7
2019,4,17,25.6,8.04,0,4.22
2019,4,18,26.17,8.53,0,2.97
2019,4,19,27.96,7.99,0,3.49
2019,4,20,28.75,5.94,0,2.79
2019,4,21,27.97,7.63,0,3.58
2019,4,22,28.38,7.44,0,3.29
2019,4,23,30.01,8.29,0,2.46
2019,4,24,31.78,7.67,0,2.75
2019,4,25,31.89,8.63,0,3.72
2019,4,26,33.5,7.66,0,3.93
2019,4,27,34.65,6.87,0,4.21
2019,4,28,34.14,5.07,0,4.61
2019,4,29,31.67,9.14,0,4.21
2019,4,30,30.7,8.37,0,4.97
2019,5,1,28.15,10.26,0,5.18
2019,5,2,27.32,10.2,0,4.48
2019,5,3,27.14,11.4,0,5.29
2019,5,4,27.45,13.17,0,5.03
2019,5,5,28.35,11.89,0,4.03
2019,5,6,29.14,10.35,0,3.37
2019,5,7,29.32,9.95,0,4.42
2019,5,8,28.25,12.91,0,5.35
2019,5,9,27.66,12.44,0,5.09
2019,5,10,27.63,11.34,0,4.73
2019,5,11,28.25,11.38,0,4.32
2019,5,12,29.23,11.92,0,4.27
2019,5,13,29.52,11.97,0,4.63
2019,5,14,28.83,11.31,0,4.15
2019,5,15,28.58,11.03,0,3.97
2019,5,16,28.22,9.92,0.1,3.79
2019,5,17,28.9,10.57,0,4
2019,5,18,29.8,10.27,0,4.06
2019,5,19,30.61,8.7,0,4.31
2019,5,20,31.33,10,0,3.68
2019,5,21,30.84,12.06,0,4.02
2019,5,22,30.57,13.12,0,4.46
2019,5,23,30.32,12.81,0,4.92
2019,5,24,29.9,13.48,0,4.82
2019,5,25,30.04,12.44,0,4.4
2019,5,26,29.15,12.56,0,4.45
2019,5,27,29.35,12.25,0,4.29
2019,5,28,30.43,12.26,0,4.78
2019,5,29,30.66,12.18,0,4.52
2019,5,30,30.46,13.22,0,4.86
2019,5,31,30.45,13.21,0,5.05
2019,6,1,30.09,14.59,0,5.47
2019,6,2,30.78,14.79,0,5.01
2019,6,3,30.04,14.8,0,6.05
2019,6,4,29.76,13.86,0,5.63
2019,6,5,30.94,13.72,0,4.82
2019,6,6,29.63,14.11,0.05,5.34
2019,6,7,30.12,15.73,0.69,4.6
2019,6,8,28.95,17.14,14.88,4.09
2019,6,9,28.84,16.76,3.47,3.89
2019,6,10,28.84,15.8,1.71,4.02
2019,6,11,28.16,18.04,9.74,2.77
2019,6,12,27.33,18.02,7.62,5.62
2019,6,13,26.81,16.29,4.73,7.91
2019,6,14,26.69,15.41,3.88,7.38
2019,6,15,26.84,16.19,5.94,6.82
2019,6,16,27.48,17.38,2.92,6.21
2019,6,17,27.22,17.25,2.06,6.68
2019,6,18,26.7,16.84,3.42,7.49
2019,6,19,26.93,17.66,5.3,5.9
2019,6,20,27.15,17.14,0.06,5.11
2019,6,21,27.3,16.73,0,4.57
2019,6,22,27.13,16.87,0.31,4.21
2019,6,23,27.04,17.63,1.55,3.98
2019,6,24,25.42,17.99,15.71,4.02
2019,6,25,24.83,17.45,3.49,3.74
2019,6,26,26.82,17.77,6.1,4.13
2019,6,27,26.55,18.44,24.61,4.9
2019,6,28,24.71,18.8,56.62,8.31
2019,6,29,24.12,18.01,38.41,6.42
2019,6,30,24.23,18.23,68.64,6.01
2019,7,1,24.45,19.13,104.33,5.21
2019,7,2,24.48,18.19,33.06,5.4
2019,7,3,23.78,17.89,7.21,5.58
2019,7,4,23.65,16.89,5.68,6.78
2019,7,5,24.07,18.34,37.32,7.21
2019,7,6,24.23,19.02,89.78,8.5
2019,7,7,24.05,19.1,74.87,7.58
2019,7,8,24.38,19.12,25.22,6.94
2019,7,9,24.8,19.48,18.57,7.18
2019,7,10,24.95,19.33,18.53,6.78
2019,7,11,24.72,19.06,12.22,7.4
2019,7,12,24.56,18.78,4.58,6.3
2019,7,13,24.77,18.72,8.96,6.52
2019,7,14,24.75,18.8,3.95,7.09
2019,7,15,24.61,18.61,1.49,6.55
2019,7,16,24.88,18.64,1.56,6.82
2019,7,17,24.94,18.46,1.01,5.13
2019,7,18,24.93,18.18,1.6,3.37
2019,7,19,25.83,18.72,19.77,1.66
2019,7,20,25.83,19.04,34.63,1.41
2019,7,21,26,19.24,13.97,1.1
2019,7,22,26.62,20.35,3.48,2.66
2019,7,23,26.2,20.09,3.54,3.3
2019,7,24,24.74,19.79,26.22,5.8
2019,7,25,24.7,19.45,37.18,7.12
2019,7,26,24.48,19.29,55.89,7.91
2019,7,27,23.84,18.8,22.36,8.95
2019,7,28,23.83,18.82,18.62,8.15
2019,7,29,23.78,18.82,61.47,8.27
2019,7,30,23.38,18.37,43.44,8.81
2019,7,31,23.46,18.3,42.46,9.01
2019,8,1,23.66,18.2,18.52,9.39
2019,8,2,23.45,18.28,58.64,9.02
2019,8,3,23.86,19,97.64,8.24
2019,8,4,23.92,19.05,134.28,7.64
2019,8,5,23.89,18.83,44.72,8.42
2019,8,6,23.95,18.76,7.83,8.09
2019,8,7,23.99,18.86,11.53,8.4
2019,8,8,23.36,18.32,13.93,8.51
2019,8,9,23.33,18.37,19.8,9.61
2019,8,10,23.69,18.38,20,9.8
2019,8,11,23.55,17.86,10.43,7.29
2019,8,12,23.88,18.06,2,5.13
2019,8,13,24.25,18.49,2.27,4.78
2019,8,14,23.66,18.38,4.33,4
2019,8,15,23.94,18.33,7.79,5.68
2019,8,16,24.09,18.18,9.98,6.32
2019,8,17,23.82,17.69,4.17,5.31
2019,8,18,23.8,17.74,3.38,4.43
2019,8,19,23.75,17.66,0.86,3.65
2019,8,20,23.17,17.42,0.44,3.43
2019,8,21,23.66,17.64,5.02,4.28
2019,8,22,23.61,17.37,2.45,3.76
2019,8,23,23.22,16.76,0.45,3.42
2019,8,24,23.31,17.09,2.59,3.49
2019,8,25,23.06,16.92,2.47,3.51
2019,8,26,23.18,16.84,3.87,4.25
2019,8,27,23.23,16.97,6.42,4.15
2019,8,28,23.7,17.43,5.11,3.46
2019,8,29,24.64,18.11,4.32,2.64
2019,8,30,24.63,18.46,7.16,3.44
2019,8,31,24.42,18.72,16.42,4.44
2019,9,1,23.4,18,21.78,4.56
2019,9,2,24.1,18.29,9.39,4.82
2019,9,3,24,18.2,26.23,5.26
2019,9,4,23.69,18.75,52.48,4.98
2019,9,5,24,18.74,20.81,5.7
2019,9,6,23.88,18.58,14.98,6.42
2019,9,7,23.64,18.43,38.5,6.35
2019,9,8,23.68,18.51,30.27,6.09
2019,9,9,23.76,18.79,31.13,5.69
2019,9,10,23.91,18.73,31.66,5.58
2019,9,11,23.48,18.21,29.61,5.77
2019,9,12,23.36,18.11,19.15,5.29
2019,9,13,23.61,18.25,21.2,5.33
2019,9,14,23.56,18.2,54.32,4.51
2019,9,15,23.51,17.69,17.51,3.76
2019,9,16,23.71,18.02,2.35,4.92
2019,9,17,24.35,18.7,13.06,3.79
2019,9,18,24.18,18.85,18.1,2.32
2019,9,19,24.43,18.95,21.36,2.42
2019,9,20,24.01,18.82,6.02,4.2
2019,9,21,24.18,17.57,2.4,2.83
2019,9,22,24.84,18.6,2.2,2.54
2019,9,23,24.05,18.19,2.1,1.91
2019,9,24,24.3,18.26,12.01,1.94
2019,9,25,24.08,18.37,32.94,2.47
2019,9,26,23.76,18.6,34.15,3.2
2019,9,27,23.24,17.58,6.05,4.26
2019,9,28,23.27,17.35,2.15,3.92
2019,9,29,22.83,17.17,3.21,3.64
2019,9,30,23.27,17.44,5.09,4.09
2019,10,1,23.45,17.64,6.53,4.28
2019,10,2,23.46,17.13,0.92,2.59
2019,10,3,24.01,16.65,3.79,1.55
2019,10,4,23.09,16.77,3.64,1.81
2019,10,5,23.32,16.51,15.76,1.53
2019,10,6,23.68,16.64,20.76,1.57
2019,10,7,23.97,16.9,6.72,1.46
2019,10,8,24.05,17.03,3.13,2.5
2019,10,9,24.01,17.02,2.41,2.55
2019,10,10,24.02,16.26,0.75,2.61
2019,10,11,23.66,15.94,0.25,2.3
2019,10,12,22.72,15.65,1.19,2.58
2019,10,13,23.51,16.54,0.87,2.78
2019,10,14,23.61,15.73,0,3.37
2019,10,15,22.36,14.35,0,4.16
2019,10,16,22.04,14.49,0,3.9
2019,10,17,22.44,14.43,0,3.49
2019,10,18,22.4,16.03,1.06,3.6
2019,10,19,21.26,15.6,10.17,4.66
2019,10,20,21.44,15.47,5.53,4.4
2019,10,21,21.73,15.84,3.8,4.06
2019,10,22,22.72,16.91,5.87,2.28
2019,10,23,22.05,16.5,14.08,3.19
2019,10,24,22.13,16.22,7.5,4.59
2019,10,25,21.31,15.34,2.56,6.31
2019,10,26,21.72,15.98,1.95,5.23
2019,10,27,22.79,15.41,0.15,3.26
2019,10,28,22.64,15.04,6.42,2.23
2019,10,29,23.04,17.16,6.95,3.99
2019,10,30,23.47,17.45,5.9,3.84
2019,10,31,23.51,16.61,0.26,3.9
2019,11,1,22.68,16.75,4.64,4.76
2019,11,2,23.11,15.78,28.45,2.08
2019,11,3,22.6,15.65,1.43,2.79
2019,11,4,22.44,15.25,1,2.53
2019,11,5,21.8,13.32,0,2.05
2019,11,6,22.28,14.9,0.1,1.77
2019,11,7,22.21,15.92,2.59,2.38
2019,11,8,21.79,15.43,4.94,2.55
2019,11,9,22.55,14.59,0.83,1.36
2019,11,10,22.25,14.03,0,1.94
2019,11,11,22.48,13.47,0,2.26
2019,11,12,21.76,13.86,0,2.77
2019,11,13,20.34,13.27,0,3.67
2019,11,14,20.34,12.73,0,3.79
2019,11,15,21.3,13.86,0,2.99
2019,11,16,22.1,14.54,0,2.7
2019,11,17,21.65,14.11,0,3.28
2019,11,18,20.37,12.5,0,3.55
2019,11,19,19.91,12.1,0,3.03
2019,11,20,20.19,12,0,2.71
2019,11,21,20.73,13.1,0,3.48
2019,11,22,20.88,12.69,0,3.02
2019,11,23,20.7,12.66,0,2.95
2019,11,24,20.58,12.1,0,3.01
2019,11,25,19.86,11.83,0,3.16
2019,11,26,20.16,12.25,0,3.3
2019,11,27,20.74,12.35,0,2.99
2019,11,28,20.97,11.96,0,2.75
2019,11,29,21.29,12.94,0,2.4
2019,11,30,21.65,13.32,0,2.98
2019,12,1,21.64,14.09,0,2.51
2019,12,2,21.89,14.41,0,3.33
2019,12,3,21.51,14.19,0,4.3
2019,12,4,21.93,14.37,0.04,4.64
2019,12,5,21.49,14.27,0.12,3.75
2019,12,6,19.92,12.38,0.01,3.7
2019,12,7,19.76,11.61,0,4.5
2019,12,8,19.54,11.01,0,3.22
2019,12,9,20.23,12.4,0,3.56
2019,12,10,21.42,12.3,0,2.34
2019,12,11,21.51,12.1,0,1.73
2019,12,12,20.07,11.15,0.06,2.22
2019,12,13,19.09,11,0,2.08
2019,12,14,18.77,10.71,0,2.43
2019,12,15,18.92,10.47,0,2.58
2019,12,16,19.81,12.13,0,3.52
2019,12,17,19.86,12.18,0,4.83
2019,12,18,20.13,11.88,0,3.43
2019,12,19,20.27,11.31,0,2.57
2019,12,20,20.96,10.99,0,2.04
2019,12,21,20.8,11.28,0,2.74
2019,12,22,20.61,11.79,0,4.26
2019,12,23,21.68,12.34,0,3.11
2019,12,24,22.07,13.48,0,2.95
2019,12,25,21.35,13.38,0.06,2.02
2019,12,26,20.18,10.72,0.02,2.51
2019,12,27,17.64,8.74,0,4.31
2019,12,28,17.43,8.59,0,5.09
2019,12,29,18.51,9.83,0,3.84
2019,12,30,19.29,10.67,0,3.24
2019,12,31,17.66,8.73,0,2.11
2020,1,1,16.59,7.94,0,2.71
2020,1,2,17.97,9.52,0,2.55
2020,1,3,17.15,8.95,0,2.28
2020,1,4,16.74,8.37,0,3.19
2020,1,5,16.85,8.42,0,5.32
2020,1,6,19.11,9.27,0,4.24
2020,1,7,20.51,11.25,0,3.52
2020,1,8,19.37,11.27,0,3.31
2020,1,9,17,7.91,0,2.98
2020,1,10,17.28,8.67,0,5.46
2020,1,11,18.62,8.88,0,3.99
2020,1,12,19.93,8.65,0,2.97
2020,1,13,20.05,11.45,0,2.24
2020,1,14,19.35,10.83,0,2.35
2020,1,15,17.6,9.28,0,3.16
2020,1,16,14.75,6.25,0,2.9
2020,1,17,14.7,5.4,0,1.87
2020,1,18,17.07,6.45,0,3.4
2020,1,19,18.71,8.08,0,2.89
2020,1,20,19.87,8.81,0,3.37
2020,1,21,21.13,8.74,0,2.54
2020,1,22,21.11,9.31,0,2.67
2020,1,23,20.94,8.8,0,3.23
2020,1,24,21.72,9.58,0,3.23
2020,1,25,21.88,7.93,0,2.56
2020,1,26,22.01,7.42,0,2.48
2020,1,27,21.23,7.46,0,3.68
2020,1,28,18.56,10.01,0,4.01
2020,1,29,16.9,7.17,0,3.04
2020,1,30,16.93,4.76,0,2.52
2020,1,31,17.82,5.13,0,3.16
2020,2,1,19.04,6.36,0,3.94
2020,2,2,20.57,7.6,0,4.91
2020,2,3,20.96,8.27,0,2.76
2020,2,4,20.36,6.51,0,3.2
2020,2,5,19.86,5.39,0,3.52
2020,2,6,20.44,4.55,0,2.88
2020,2,7,18.93,4.61,0,2.62
2020,2,8,19.31,7.21,0,5.01
2020,2,9,19.96,6.95,0,5.69
2020,2,10,21.64,9.14,0,4.43
2020,2,11,23.13,10.16,0,3.61
2020,2,12,24.09,9.28,0,3.73
2020,2,13,23.98,8.42,0,3.14
2020,2,14,23.67,6.73,0,2.94
2020,2,15,23.6,5.66,0,2.65
2020,2,16,24.33,6.56,0,3.31
2020,2,17,25.2,6.67,0,3.72
2020,2,18,25.66,6.33,0,3.18
2020,2,19,25.98,6.1,0,1.96
2020,2,20,25.57,6.9,0,2.71
2020,2,21,24.39,7.19,0,2.81
2020,2,22,25.36,5.36,0,2.56
2020,2,23,25.51,5.03,0,3.09
2020,2,24,24.51,4.83,0,3.71
2020,2,25,23.5,4.01,0,4.19
2020,2,26,23.36,3.75,0,4.88
2020,2,27,24.57,4.03,0,2.94
2020,2,28,24.78,4.94,0,3.69
2020,2,29,25.54,5.9,0,2.93
2020,3,1,25.45,6.76,0.17,2.38
2020,3,2,24.46,6.41,0.04,3.32
2020,3,3,22.65,7.94,0,3.58
2020,3,4,21.83,9.25,0,3.38
2020,3,5,21.54,8.79,0,3.13
2020,3,6,21.39,10.39,0.44,4.83
2020,3,7,20.96,7.62,0,2.96
2020,3,8,22.61,6.73,0,3.64
2020,3,9,23.69,8.28,0,3.27
2020,3,10,22.1,11.11,0,4.7
2020,3,11,21.32,9,0,4.56
2020,3,12,20.74,8.92,0,3.68
2020,3,13,19.84,5.97,0,3.15
2020,3,14,22.16,2.55,0,3.46
2020,3,15,24.35,3.51,0,3.72
2020,3,16,27.24,4.53,0,4.23
2020,3,17,28.3,6.72,0.02,3.48
2020,3,18,28.19,7.04,0,3.02
2020,3,19,25.54,5.47,0,3.71
2020,3,20,24.06,8.49,0,4.21
2020,3,21,24.35,8.57,0,3.18
2020,3,22,26.81,8.75,0,2.51
2020,3,23,28.53,8.47,0,2.29
2020,3,24,29.33,8.16,0.14,2.57
2020,3,25,29.39,9.2,0.69,2.4
2020,3,26,27.74,11.2,1.45,3.01
2020,3,27,27.92,11.16,0.69,2.61
2020,3,28,27.38,8.88,0.11,2.17
2020,3,29,28.51,7.35,0.13,2.9
2020,3,30,28.8,7.02,0.85,3.17
2020,3,31,28.27,6.86,0.03,3.03
2020,4,1,28.06,6.56,0.1,3.18
2020,4,2,28.81,6.87,0,3.61
2020,4,3,29.54,6.69,0,3.02
2020,4,4,29.22,7.32,0,3
2020,4,5,29.65,6.63,0,2.57
2020,4,6,28.8,7.61,0,2.85
2020,4,7,27.19,7.86,0,3.7
2020,4,8,25.9,8.26,0,3.54
2020,4,9,27.41,8.61,0,2.65
2020,4,10,29.65,7.8,0,2.27
2020,4,11,30.81,5.9,0,2.86
2020,4,12,31.55,5.47,0.24,3.22
2020,4,13,31.67,5.73,0,3.16
2020,4,14,32.21,6.18,0,2.49
2020,4,15,32.04,7.33,0,3.47
2020,4,16,31.63,8.14,0,2.98
2020,4,17,31.01,9.67,0,2.98
2020,4,18,31.79,9.15,0,3.01
2020,4,19,31.44,9.62,0,3.06
2020,4,20,30.74,8.09,0,3.36
2020,4,21,29.79,7.49,0,3.57
2020,4,22,30.68,9.73,0,3.07
2020,4,23,30.26,10.36,0,3.79
2020,4,24,29.58,11.7,0,3.97
2020,4,25,27.9,11.17,0,4.77
2020,4,26,29.23,11.1,0,3.4
2020,4,27,30.16,11.76,0,3.06
2020,4,28,31.32,10.33,0,2.73
2020,4,29,32.27,7.17,0,2.91
2020,4,30,31.62,11.23,0.13,2.93
2020,5,1,30.66,13.23,3.14,3.76
2020,5,2,30.78,12.71,0.46,4.04
2020,5,3,30.52,11.45,0,4.35
2020,5,4,30.18,10.88,0,3.75
2020,5,5,31.02,12.87,0,3.95
2020,5,6,31.84,10.92,0,3.31
2020,5,7,31.35,8.89,0,3.61
2020,5,8,30.27,10.12,0,3.59
2020,5,9,30.63,11.19,0,2.99
2020,5,10,31.53,11.09,0.16,1.92
2020,5,11,31.7,11.09,0.64,3.64
2020,5,12,30.34,10.59,0.25,3.55
2020,5,13,30.87,12.75,0.04,2.9
2020,5,14,32.59,12.74,0.2,2.24
2020,5,15,31.35,12.49,1.04,2.76
2020,5,16,30.73,13.64,3.24,4.07
2020,5,17,30.06,13.26,0.05,4.81
2020,5,18,29.86,12.73,0.02,5.53
2020,5,19,29.92,13.47,0,5.35
2020,5,20,30.47,13.32,0,4.92
2020,5,21,30.54,13.45,0,5.08
2020,5,22,30.39,12.77,0,4.93
2020,5,23,31.14,10.68,0,4.18
2020,5,24,31.76,11.76,0,3.82
2020,5,25,31.87,13.08,0,4.18
2020,5,26,30.94,13.09,0,5.01
2020,5,27,29.71,13.74,0,6.08
2020,5,28,29.23,15.23,0,6.77
2020,5,29,29.13,15.97,0,5.94
2020,5,30,28.88,15.89,0,4.61
2020,5,31,29.9,14.38,0.22,4.1
2020,6,1,28.86,14.68,2.31,2.43
2020,6,2,26.85,13.71,6.82,3.45
2020,6,3,24.7,17.79,77.93,7.96
2020,6,4,23.94,17.03,34.78,6.25
2020,6,5,25.29,15.18,0.86,4.09
2020,6,6,24.8,17.15,12.06,4.4
2020,6,7,25.1,17.93,5.18,3.65
2020,6,8,24.72,14.73,7.65,3.78
2020,6,9,24.57,15.44,3.72,3.86
2020,6,10,25.56,17.55,10.07,3.77
2020,6,11,26.22,18.88,8.62,3.7
2020,6,12,26.12,18.87,81.31,1.34
2020,6,13,25.66,18.59,44.35,1.6
2020,6,14,25.87,19.07,17,1.8
2020,6,15,25.73,19.35,27.88,2.64
2020,6,16,25.84,19.34,13.31,3.51
2020,6,17,25.84,19.18,3.13,3.94
2020,6,18,25.24,18.87,4.59,5.41
2020,6,19,25.68,19.3,2.85,5.18
2020,6,20,25.67,19.07,2.13,4.99
2020,6,21,25.4,18.87,3.39,5.48
2020,6,22,25.22,18.3,1.53,5.01
2020,6,23,25.44,17.96,0.52,3.6
2020,6,24,25.65,18.3,1.7,3.73
2020,6,25,26.25,19.06,1.94,2.57
2020,6,26,25.4,19.77,7.09,3.2
2020,6,27,24.89,18.86,7.94,3.02
2020,6,28,25.72,19.01,6.08,3.14
2020,6,29,25.57,19.2,43.49,2.35
2020,6,30,25.08,18.69,10.34,1.46
2020,7,1,24.56,17.9,1.87,4.03
2020,7,2,25.55,18.72,2.66,4.83
2020,7,3,25.25,19.68,7.68,6.07
2020,7,4,24.78,19.36,30.69,4.95
2020,7,5,24.3,19,30.28,9.11
2020,7,6,24.86,19.42,46.05,9.4
2020,7,7,24.93,19.45,26.77,7.19
2020,7,8,24.92,18.8,8.52,5.74
2020,7,9,24.97,18.78,8.3,5.68
2020,7,10,24.71,18.87,11.57,5.96
2020,7,11,25.16,19.08,10.13,5.74
2020,7,12,24.64,18.84,15.27,5.55
2020,7,13,24.19,18.21,12.08,3.92
2020,7,14,24.97,19.26,29.22,4.79
2020,7,15,24.87,19.61,34.43,3.04
2020,7,16,24.08,18.33,11.17,4.82
2020,7,17,24.51,18.29,7.84,4.91
2020,7,18,25.01,18.85,3.61,5.31
2020,7,19,25.11,19.08,2.77,4.87
2020,7,20,24.37,18.53,2.41,4.18
2020,7,21,24.65,18.26,5.77,3.08
2020,7,22,24.6,18.94,14.75,2.42
2020,7,23,24.92,19.15,16.65,3.69
2020,7,24,23.72,18.2,33.72,4.34
2020,7,25,23.76,17.73,7.47,3.55
2020,7,26,24.44,17.9,4.08,3.27
2020,7,27,24.54,18.59,6.45,4.38
2020,7,28,24.56,18.94,9.74,4.16
2020,7,29,24.6,19.15,9.97,3.84
2020,7,30,24.79,18.39,6.96,3.21
2020,7,31,24.68,18.66,14.77,2.6
2020,8,1,24.75,19.03,7.79,2.44
2020,8,2,25.12,19.22,2.44,2.04
2020,8,3,24.88,19.3,17.14,3.69
2020,8,4,25.08,20.02,58.89,6.39
2020,8,5,25.06,20.57,73.62,5.96
2020,8,6,23.65,18.8,42.05,9.27
2020,8,7,24.48,18.83,10.5,7.78
2020,8,8,24.45,18.79,13.69,7.47
2020,8,9,24.37,18.71,7.95,6.39
2020,8,10,24.56,18.98,16.95,5.45
2020,8,11,24.23,18.76,22.72,6.76
2020,8,12,23.71,18.57,40.92,7.85
2020,8,13,23.64,18.77,58.02,7.9
2020,8,14,23.66,18.77,51.5,8.31
2020,8,15,23.59,18.65,29.33,8.35
2020,8,16,23.82,18.71,21.55,8.32
2020,8,17,23.48,18.25,31.12,7.3
2020,8,18,23.73,18.45,17.01,6.82
2020,8,19,23.87,18.44,13.74,6.4
2020,8,20,23.7,18.93,28.73,5.34
2020,8,21,23.44,18.58,23.16,6.55
2020,8,22,23.89,18.85,22.27,6.85
2020,8,23,23.86,18.8,26.01,7.53
2020,8,24,23.8,18.33,12.33,7.69
2020,8,25,23.82,18.04,3.57,6.19
2020,8,26,23.83,17.92,2.14,4.69
2020,8,27,23.21,17.61,3.33,4.72
2020,8,28,23.51,17.98,20.92,4.99
2020,8,29,23.09,18.15,57.1,5.55
2020,8,30,23.06,17.97,33.62,6.1
2020,8,31,23.62,18.17,22.02,5.69
2020,9,1,23.87,18.12,2.32,3.17
2020,9,2,24.33,17.8,0.7,1.98
2020,9,3,23.83,17.19,1.15,1.5
2020,9,4,25.18,18.46,8.45,2.43
2020,9,5,25.58,19.43,10.03,1.81
2020,9,6,25.98,19.43,7.54,1.83
2020,9,7,25.24,19.26,9.47,1.94
2020,9,8,24.68,18.51,10.1,1.93
2020,9,9,24.39,19.22,16.21,2.02
2020,9,10,24.8,19.24,18.78,1.39
2020,9,11,24.65,18.93,16.93,2.14
2020,9,12,25.32,18.98,9.43,2.01
2020,9,13,24.17,18.54,3.95,4.14
2020,9,14,23.76,18.1,3.23,4.33
2020,9,15,23.83,18.3,0.26,3.08
2020,9,16,24.18,18.88,2.04,3.08
2020,9,17,23.72,18.63,3.01,3.78
2020,9,18,23.56,18.55,3.08,3.26
2020,9,19,24.21,18.86,21.71,2.14
2020,9,20,24.78,18.96,22.63,1.62
2020,9,21,24.98,19.72,6.16,2.04
2020,9,22,24,19.17,73.44,3.54
2020,9,23,24.19,19.42,19.43,3.2
2020,9,24,25.09,19.39,1.73,2.44
2020,9,25,24.06,18.71,16.83,2.6
2020,9,26,23.08,17.25,3.91,3.6
2020,9,27,22.87,16.55,1.26,2.75
2020,9,28,22.83,15.77,0.06,2.02
2020,9,29,22.69,15.86,0.82,2.13
2020,9,30,23.03,16.54,0.6,2.23
2020,10,1,23.46,16.81,0.09,2
2020,10,2,23.96,17.55,7.73,2.09
2020,10,3,24.48,17.88,8.84,2.06
2020,10,4,23.92,17.31,2.21,2.32
2020,10,5,23.56,15.89,0.29,2
2020,10,6,23.78,16.57,0.02,1.9
2020,10,7,24.31,15.75,0,1.79
2020,10,8,24.47,15.67,0.43,2.19
2020,10,9,24.47,16.08,0.53,2.33
2020,10,10,24.29,16.71,4.83,2.13
2020,10,11,25.19,15.54,1.14,1.51
2020,10,12,24.18,16.23,0.78,2.18
2020,10,13,24.6,17.65,2.19,2.03
2020,10,14,24.3,18.14,3,2.41
2020,10,15,24.16,18.88,14.79,5.18
2020,10,16,24.84,18.47,0.4,4.82
2020,10,17,24.89,17.9,0.2,1.68
2020,10,18,24.1,18.38,17.6,2.28
2020,10,19,24.69,18.19,5.98,1.86
2020,10,20,25.26,18.81,5.58,1.67
2020,10,21,25.09,18.58,7.67,1.54
2020,10,22,24.82,18.66,11.63,1.91
2020,10,23,23.65,16.88,5.77,3.14
2020,10,24,23.42,15.34,1.76,2.22
2020,10,25,22.76,13.47,0.21,2.28
2020,10,26,22.79,14.91,0.07,2.52
2020,10,27,22.53,12.81,0,1.95
2020,10,28,22.47,12.2,0,1.52
2020,10,29,22.47,12.06,0,1.75
2020,10,30,22.15,12.08,0,1.98
2020,10,31,21.57,12.39,0,2.5
2020,11,1,22.19,13.58,0,2.18
2020,11,2,23,14.5,0,2.06
2020,11,3,22.84,13.92,0,2.45
2020,11,4,21.82,12.54,0,2
2020,11,5,21.06,11.2,0,2.09
2020,11,6,19.69,10.46,0,3.41
2020,11,7,19.42,10.99,0,3.81
2020,11,8,19.67,11.1,0,3.91
2020,11,9,18.64,9.68,0,3.54
2020,11,10,17.84,9.13,0,4.11
2020,11,11,17.46,9.01,0,3.84
2020,11,12,17.98,9.75,0,3.41
2020,11,13,21.35,13.98,0,3.04
2020,11,14,22.83,15.59,0,3.08
2020,11,15,23.08,14.1,0,1.94
2020,11,16,22.89,13.91,0,2.38
2020,11,17,23.35,15.06,0,1.98
2020,11,18,22.99,15,1.64,2.24
2020,11,19,23.01,14.64,0.45,1.95
2020,11,20,22.85,14.27,0.1,2.11
2020,11,21,22.11,12.63,0.02,2.23
2020,11,22,21.16,12.35,0,2.54
2020,11,23,21.37,12.74,0,2.49
2020,11,24,21.65,12.12,0,1.9
2020,11,25,20.71,10.53,0,3.21
2020,11,26,20.31,10.48,0,3.18
2020,11,27,19.46,10.97,0,5.58
2020,11,28,20.21,11.98,0,5.34
2020,11,29,22.13,13.45,0,3.28
2020,11,30,23.51,14.92,0,1.77
2020,12,1,23.25,14.08,0,2.28
2020,12,2,21.65,11.85,0,2.99
2020,12,3,20.97,9.77,0,2.7
2020,12,4,20.56,9.37,0,3.14
2020,12,5,19.91,8.85,0,3.3
2020,12,6,19.41,8.25,0,3.72
2020,12,7,19.36,8.04,0,3.65
2020,12,8,20,8.47,0,3.47
2020,12,9,21.25,9.64,0,2.6
2020,12,10,22.53,11.01,0.61,2.1
2020,12,11,21.37,13.7,9.68,2.13
2020,12,12,22.3,14.16,4.44,1.77
2020,12,13,21.45,13.61,2.8,2.05
2020,12,14,21.47,13.46,2.66,2.39
2020,12,15,21.26,12.73,0.06,2.25
2020,12,16,21.15,11.94,0,2.38
2020,12,17,20.48,10.86,0,2.55
2020,12,18,20.21,10.86,0,2.99
2020,12,19,19.28,9.78,0,3.51
2020,12,20,18.4,8.39,0,3.89
2020,12,21,17.63,6.09,0,3.94
2020,12,22,17.57,5.93,0,3.01
2020,12,23,18.56,6.41,0,2.17
2020,12,24,19.08,7.43,0,2.44
2020,12,25,19.27,8.85,0,3.8
2020,12,26,20.76,9.16,0,2.79
2020,12,27,20.57,9.81,0,2.77
2020,12,28,19.26,7.99,0,2.12
2020,12,29,19.51,8.66,0,2.66
2020,12,30,20.13,9.37,0,2.31
2020,12,31,20,10.27,0,3.86
2021,1,1,21.65,11.79,0,2.88
2021,1,2,22.15,13.16,0,2.32
2021,1,3,22.1,12.77,0.11,1.88
2021,1,4,21.56,12.61,0.35,2.08
2021,1,5,21.36,12.57,0.06,1.36
2021,1,6,22.14,11.95,0,1.47
2021,1,7,21.01,13.5,2.4,3.22
2021,1,8,22.69,15.11,3.18,2.66
2021,1,9,22.45,14.89,5.38,1.54
2021,1,10,23.33,14.29,1.15,2.03
2021,1,11,24.38,12.4,0,2.49
2021,1,12,23.7,10.91,0,2.76
2021,1,13,23.25,9.94,0,2.15
2021,1,14,22.67,10.09,0,2.94
2021,1,15,22.1,9.27,0,2.96
2021,1,16,22.86,9.58,0,2.04
2021,1,17,23.81,11.27,0,2.26
2021,1,18,24,10.35,0,1.67
2021,1,19,22.87,9.34,0,2.19
2021,1,20,22.01,6.88,0,2.43
2021,1,21,21.01,6.18,0,1.94
2021,1,22,22.71,6.81,0,1.82
2021,1,23,22.93,7.16,0,2.05
2021,1,24,21.33,6.79,0,2.63
2021,1,25,20.45,4.57,0,3.17
2021,1,26,20.65,4.41,0,2.62
2021,1,27,20.23,4.89,0,3.06
2021,1,28,20.85,4.87,0,3.03
2021,1,29,20.48,4.16,0,2.76
2021,1,30,20.96,5.87,0,2.37
2021,1,31,21.35,6,0,2.68
2021,2,1,21.65,5.14,0,4.01
2021,2,2,22.32,3.97,0,3.48
2021,2,3,21.93,4.05,0,2.57
2021,2,4,22.3,5.12,0,1.83
2021,2,5,21.06,5.91,0,3.04
2021,2,6,20.58,4.1,0,3.82
2021,2,7,20.96,4.06,0,3.58
2021,2,8,21.17,3,0,3.75
2021,2,9,22.31,2.99,0,2.64
2021,2,10,23.16,3.31,0,2.54
2021,2,11,23.15,3.7,0,2.2
2021,2,12,23.93,4.25,0,2.3
2021,2,13,23.46,4.98,0,2.61
2021,2,14,24.01,6.34,0,2.15
2021,2,15,23.51,6.97,0,2.21
2021,2,16,22.92,8.19,0,2.42
2021,2,17,23.22,7.97,0,1.92
2021,2,18,24.93,8.43,4.01,3.29
2021,2,19,22.42,9.34,3.5,4.69
2021,2,20,21.93,7.86,0,4.38
2021,2,21,23.01,7.71,0,4.07
2021,2,22,24.54,7.53,0,2.94
2021,2,23,25.49,7.51,0,2.03
2021,2,24,25.2,6.29,0,2.35
2021,2,25,25.59,7.51,0,2.72
2021,2,26,25.6,6.47,0,3.05
2021,2,27,25.83,6.37,0,3.01
2021,2,28,27.23,6.49,0,2.39
2021,3,1,27.49,6.15,0,3.29
2021,3,2,26.72,4.28,0,3.03
2021,3,3,26.9,3.42,0,2.15
2021,3,4,27.1,3.06,0,2.75
2021,3,5,27.29,4.13,0,2.93
2021,3,6,27.46,5.39,0,2.38
2021,3,7,26.66,5.97,0,2.92
2021,3,8,26.45,5.56,0,2.46
2021,3,9,27.25,5.65,0,2.36
2021,3,10,27.4,5.87,0,2.44
2021,3,11,27.38,6.26,0,2.9
2021,3,12,27.21,6.21,0,2.69
2021,3,13,27.86,6.01,0,3.47
2021,3,14,27.85,5.41,0,2.22
2021,3,15,28.16,5.32,0,3.15
2021,3,16,28.36,5.75,0,3.04
2021,3,17,28.6,6.16,0,2.64
2021,3,18,28.87,5.86,0,2.64
2021,3,19,27.7,6.22,0,3.14
2021,3,20,27.57,6.12,0.02,2.27
2021,3,21,27.65,5.85,0,2.8
2021,3,22,27.9,6.5,0.27,1.74
2021,3,23,29.02,7.61,0.26,2.04
2021,3,24,29.1,7.34,0,2.04
2021,3,25,28.55,4.2,0,3.22
2021,3,26,28.73,3.57,0,2.83
2021,3,27,29.43,3.43,0,2.69
2021,3,28,30.09,3.88,0,2.06
2021,3,29,30.15,5.33,0,2.99
2021,3,30,27.63,6.62,0,4.02
2021,3,31,27.15,7.76,0,3.57
2021,4,1,27.07,10.08,0,3.78
2021,4,2,26.99,9.02,0,3.06
2021,4,3,27.72,9.6,0,2.76
2021,4,4,28.1,10.26,0,3.12
2021,4,5,29.8,8.53,0,2.65
2021,4,6,30.36,7.67,0,2.92
2021,4,7,30.44,6.28,0,3.18
2021,4,8,28.89,8.82,0,3.38
2021,4,9,29.18,8.07,0,2.05
2021,4,10,30.42,6.91,0,2.02
2021,4,11,30.61,7.36,0.74,1.31
2021,4,12,31.24,6.84,0.12,1.24
2021,4,13,30.99,6.67,0.5,1.68
2021,4,14,30.56,7.56,1,2.16
2021,4,15,29.94,7.42,0.28,2.79
2021,4,16,28.87,8.68,0,3.37
2021,4,17,28.56,9.44,0,3.78
2021,4,18,29.82,8.97,0,3.35
2021,4,19,29.01,9.16,0,3.62
2021,4,20,28.06,10.58,0,4
2021,4,21,26.67,11.51,0,3.29
2021,4,22,28.3,10.28,0,2.25
2021,4,23,28.59,8.69,0,2.98
2021,4,24,28.83,9.69,0,3.13
2021,4,25,30.93,8.91,0,2.45
2021,4,26,31.54,8.14,0,2.6
2021,4,27,30.31,10.3,0.02,2.89
2021,4,28,29.89,10.26,0.85,3.06
2021,4,29,29.73,11.71,5.12,3.15
2021,4,30,29.41,12.54,3.58,2.07
2021,5,1,29.16,12.37,0.77,1.6
2021,5,2,29.31,11.44,1.55,2.2
2021,5,3,30.01,11.3,0.28,1.51
2021,5,4,30.31,11.1,0.11,2.39
2021,5,5,30.37,10.8,0,2.36
2021,5,6,30.85,11.03,0.17,2.45
2021,5,7,30.55,11.6,0.28,2.69
2021,5,8,31.15,10.73,0.01,2.83
2021,5,9,30.9,12.65,0.01,3.52
2021,5,10,30.21,12.3,0,4.31
2021,5,11,29.35,11.69,0,4.38
2021,5,12,28.98,12.75,0,4.82
2021,5,13,28.16,11.28,0,4.17
2021,5,14,30.29,11.85,0,2.91
2021,5,15,32.48,12.36,0.41,4.22
2021,5,16,30.49,15.09,1.32,8.9
2021,5,17,26.81,17.11,92.61,12.83
2021,5,18,25.24,18.81,68.25,10.48
2021,5,19,24.93,17.93,4.76,6.66
2021,5,20,25.73,16.87,0.15,3.5
2021,5,21,26.32,16.82,0.03,2.85
2021,5,22,26.54,16.67,0.16,2.75
2021,5,23,26.05,16.25,0.47,3.38
2021,5,24,26.4,17.1,0.34,3.9
2021,5,25,27.15,16.95,0,4.49
2021,5,26,26.43,17.13,0.09,6.22
2021,5,27,26.32,17.48,0.16,6.16
2021,5,28,27.2,18,0,5.35
2021,5,29,27.69,18.28,1.48,3.98
2021,5,30,27,18.34,10.3,3.7
2021,5,31,26.97,18.19,5.62,3.89
2021,6,1,26.84,18.5,14.22,3.6
2021,6,2,27.25,18.02,8.46,2.38
2021,6,3,27.22,17.43,1.09,2.73
2021,6,4,26.67,17.22,4.09,1.96
2021,6,5,25.37,17.86,10.24,2.19
2021,6,6,25.97,17.46,7.51,3.12
2021,6,7,25.71,17.53,4.13,4.81
2021,6,8,25.84,17.95,6.81,5.05
2021,6,9,25.59,18.87,14.79,6.64
2021,6,10,25.51,19.08,23.94,6.97
2021,6,11,25.86,19.08,14.34,6.62
2021,6,12,26.47,19.81,14.05,5.82
2021,6,13,25.82,19.73,5.26,5.94
2021,6,14,26.04,19.37,0.4,5.62
2021,6,15,26.45,19.12,1.44,6.69
2021,6,16,25.58,19.25,4.72,6.17
2021,6,17,25.4,19.18,46.44,7.23
2021,6,18,25.36,18.87,39.25,7.69
2021,6,19,24.93,18.38,24.26,7.16
2021,6,20,24.87,18.2,16.61,6.55
2021,6,21,24.75,17.98,2.18,5.56
2021,6,22,24.72,17.7,0.72,5.38
2021,6,23,24.23,17.79,5.79,5.06
2021,6,24,24.47,17.77,7.27,5.58
2021,6,25,24.39,17.78,9.91,5.95
2021,6,26,24.58,17.84,7.9,5.21
2021,6,27,24.07,17.89,20.25,3.98
2021,6,28,24.75,18.6,11.47,2.43
2021,6,29,25.51,19.09,1.97,3.01
2021,6,30,24.87,18.71,0.96,4.6
2021,7,1,24.73,18.33,1.59,5.44
2021,7,2,25.01,18.12,0.32,5.85
2021,7,3,25.21,18.06,0.24,5.03
2021,7,4,24.92,17.77,0.26,3.55
2021,7,5,25.1,17.76,0.44,3.38
2021,7,6,25.38,17.86,0.47,3.2
2021,7,7,25.52,18.02,0.41,3.69
2021,7,8,25.3,18.39,2.1,4.42
2021,7,9,24.98,17.95,9.62,3.37
2021,7,10,24.98,17.38,4.65,2.98
2021,7,11,25.23,19.11,6.67,3.91
2021,7,12,26.18,19.86,29.16,4.29
2021,7,13,24.85,18.51,16.49,5.97
2021,7,14,24.42,18.55,7.83,5.3
2021,7,15,25.48,20.08,10.26,3.75
2021,7,16,25.37,18.82,11.44,4.95
2021,7,17,25.21,19.27,29.14,4.79
2021,7,18,24.73,19.57,41.14,6.56
2021,7,19,24.7,19.16,27.99,8
2021,7,20,24.17,18.73,23.66,7.74
2021,7,21,24.04,18.57,52,9.75
2021,7,22,23.91,18.56,10.8,8.6
2021,7,23,24.11,18.88,10.75,7.28
2021,7,24,24.72,18.56,7.65,6.35
2021,7,25,24.41,18.91,15.81,6.32
2021,7,26,24.3,18.71,19.75,8.91
2021,7,27,23.66,17.66,9.37,8.85
2021,7,28,23.79,17.78,11.11,8.61
2021,7,29,23.21,17.66,7.19,8.06
2021,7,30,23.28,17.71,4.42,7.92
2021,7,31,23.59,17.64,4.42,8.59
2021,8,1,23.54,17.34,3.63,8.42
2021,8,2,23.81,17.47,2.9,7.96
2021,8,3,24.14,17.82,5.26,7.63
2021,8,4,24.02,18.01,7.27,7.06
2021,8,5,23.86,17.77,2.56,6.61
2021,8,6,24.17,17.64,1.08,5.85
2021,8,7,24.21,17.55,1.51,4.01
2021,8,8,24.53,17.8,0.73,3.23
2021,8,9,24.66,17.94,0.32,3.62
2021,8,10,23.54,17.3,0.76,3.69
2021,8,11,24.28,17.63,2.7,4.24
2021,8,12,23.99,17.12,4.46,4.22
2021,8,13,24.16,17.35,5.24,4.49
2021,8,14,23.51,17.28,5.91,4.69
2021,8,15,23.94,17.25,12.85,4.67
2021,8,16,23.85,17.24,9.51,3.24
2021,8,17,23.44,17.41,15.67,3.69
2021,8,18,22.86,17.29,28.78,4.06
2021,8,19,22.7,17.45,57.29,3.13
2021,8,20,23.65,17.41,14.15,2.7
2021,8,21,23.04,17.53,38.24,3.59
2021,8,22,22.4,16.71,15.19,3.66
2021,8,23,23.16,16.39,0.18,2.74
2021,8,24,23.8,17.55,0.73,2.96
2021,8,25,23.82,17.52,0.33,3.91
2021,8,26,23.71,17.43,1.17,4.08
2021,8,27,23.89,17.45,0.62,3.22
2021,8,28,23.55,16.73,0.54,2.81
2021,8,29,23.6,16.96,0.23,3.04
2021,8,30,23.34,17.78,36.03,3.95
2021,8,31,23.96,18.67,55.17,4.12
2021,9,1,23.92,18.42,16.83,5.39
2021,9,2,23.5,17.81,4.55,4.55
2021,9,3,24.01,18,5.05,4.52
2021,9,4,23.91,18.02,5.26,4.02
2021,9,5,23.62,17.68,8.93,3.91
2021,9,6,24.19,18.41,6.33,3.06
2021,9,7,24.5,19.62,42.77,3.25
2021,9,8,24.29,19.58,21.24,5.37
2021,9,9,23.76,18.25,6.99,7.2
2021,9,10,24.26,18.46,10.14,7.15
2021,9,11,24.54,19.09,25.23,6.54
2021,9,12,24.53,19.35,31.44,5.64
2021,9,13,23.74,18.83,52.48,6.11
2021,9,14,23.37,18.12,22.01,6.27
2021,9,15,23.44,17.81,2.72,5.49
2021,9,16,23.54,17.74,1.17,5.26
2021,9,17,22.92,17.3,1.06,3.93
2021,9,18,23.37,17.42,4.38,3.94
2021,9,19,24.04,18.09,7.74,4.1
2021,9,20,23.99,18.17,6.15,3.95
2021,9,21,23.93,18.15,18.23,4.43
2021,9,22,23.48,18.06,25.63,4.07
2021,9,23,23.74,17.93,10.74,3.52
2021,9,24,23.86,17.89,9.32,3.1
2021,9,25,23.69,17.6,0.83,2.98
2021,9,26,23.25,17.42,2.15,2.9
2021,9,27,23.27,17.78,18.1,3.28
2021,9,28,23.15,17.69,46.14,2.86
2021,9,29,22.31,17.06,44.26,7.13
2021,9,30,23.66,17.68,4.34,3.15
2021,10,1,24.62,18.13,3.02,1.53
2021,10,2,24.93,18.4,1.69,1.99
2021,10,3,24.49,18.51,1.03,1.58
2021,10,4,25.02,18.82,1.61,1.84
2021,10,5,25.05,18.86,0.71,2.06
2021,10,6,24.94,19.14,3.52,2.04
2021,10,7,25.78,19.01,4.64,2.4
2021,10,8,25.39,19.29,3.85,2.24
2021,10,9,24.57,18.89,8.65,1.44
2021,10,10,23.96,18.01,10.96,1.74
2021,10,11,24.41,17.5,1.25,1.46
2021,10,12,24.84,17.99,4.16,1.8
2021,10,13,24.68,17.12,1.18,2.51
2021,10,14,24.27,16.42,0,2.72
2021,10,15,23.49,15.29,0,3.16
2021,10,16,23.19,14.4,0.16,2.18
2021,10,17,24.07,17.24,2.65,2.18
2021,10,18,22.8,16,0.19,3.14
2021,10,19,20.89,13.4,0.1,2.41
2021,10,20,21.31,12.1,0,1.55
2021,10,21,21.58,12.27,0,1.98
2021,10,22,21.55,11.83,0,1.86
2021,10,23,20.73,12.35,0,1.96
2021,10,24,20.55,12.82,0,1.75
2021,10,25,21.12,13.24,0,2.12
2021,10,26,21.14,12.4,0,2.25
2021,10,27,21.43,12.36,0,3.27
2021,10,28,21.22,12.94,0,3.62
2021,10,29,20.43,11.31,0,3.93
2021,10,30,19.85,10.58,0,4.24
2021,10,31,20.19,11.22,0,3.59
2021,11,1,20.82,11.83,0,2.8
2021,11,2,21.41,12.43,0,2.74
2021,11,3,21.32,12.58,0,3.03
2021,11,4,22.29,14.69,0.08,2.72
2021,11,5,23.49,15.41,5.73,2.43
2021,11,6,22.65,15.2,7.54,2.27
2021,11,7,21.83,14.65,0.06,2.48
2021,11,8,20.81,11.79,0,4.01
2021,11,9,19.59,10.55,0,4.44
2021,11,10,19.27,9.9,0,3.97
2021,11,11,19.28,9.68,0,4.33
2021,11,12,19.48,9.7,0,4.24
2021,11,13,21.95,13.93,0,3.81
2021,11,14,22.94,14.98,0,2.95
2021,11,15,23.31,15.97,0,2.61
2021,11,16,23.19,16.18,0.19,4.33
2021,11,17,23.76,16.72,0.77,4.33
2021,11,18,24.04,17.04,1.42,2.65
2021,11,19,23.72,16.74,6.55,2.27
2021,11,20,24.19,17.15,0.76,3.11
2021,11,21,24.77,17.69,3.65,3.49
2021,11,22,24.2,17.19,5.28,2.25
2021,11,23,24.21,16.97,0.4,2.16
2021,11,24,23.88,15.65,0,2.44
2021,11,25,22.77,13.85,0,2.17
2021,11,26,22.33,12.26,0,2.5
2021,11,27,21.33,11.72,0,2.46
2021,11,28,19.41,9.93,0,4.22
2021,11,29,19.55,10.26,0,4.52
2021,11,30,19.93,12.31,0.08,4.31
2021,12,1,18.15,12.32,59.77,4.49
2021,12,2,17.63,11.39,9.91,5.41
2021,12,3,19.39,13.02,0.82,3.93
2021,12,4,19.42,12.89,0.04,3.43
2021,12,5,19.53,12.46,0,2.24
2021,12,6,19.96,12.52,0,2.43
2021,12,7,20.04,11.77,0,3.65
2021,12,8,19.8,11.39,0,3.27
2021,12,9,19.96,11.23,0,2.44
2021,12,10,19.77,11.38,0,3.39
2021,12,11,20.16,11.98,0,3.09
2021,12,12,20.32,11.47,0,2.83
2021,12,13,20.11,11.52,0,2.35
2021,12,14,19.59,10.92,0,1.86
2021,12,15,19.82,11.37,0,2.37
2021,12,16,19.19,11.18,0,2.39
2021,12,17,18.94,10.82,0,2.42
2021,12,18,18.9,10.1,0,3.33
2021,12,19,17.94,9.34,0,3.58
2021,12,20,18,8.51,0,2.46
2021,12,21,17.98,8.09,0,2.6
2021,12,22,19.32,8,0,1.58
2021,12,23,18.77,8.23,0,2.35
2021,12,24,18.95,8.04,0,1.86
2021,12,25,18.59,8.92,0,1.93
2021,12,26,18.94,9.38,0,2.29
2021,12,27,19.89,8.62,0,1.93
2021,12,28,19.37,9.07,0,2.44
2021,12,29,17.81,9.1,0.01,2.6
2021,12,30,17.97,9.94,0,4.93
2021,12,31,19.59,10.94,0,4.32
2022,1,1,20.13,10.81,0,3.22
2022,1,2,20.61,11.05,0,2.31
2022,1,3,20.45,11.19,0,2.92
2022,1,4,21.28,10.25,0,2.16
2022,1,5,20.28,10.28,0,2.91
2022,1,6,20.22,11.25,0,1.97
2022,1,7,19.49,10.99,0,3.49
2022,1,8,18.84,11.51,0.98,2.33
2022,1,9,17.2,8.88,0.28,2.42
2022,1,10,15.92,7.08,0,2.83
2022,1,11,16.68,8.68,0,2.87
2022,1,12,16.34,7.67,0,2.6
2022,1,13,17.42,9.43,0,3.28
2022,1,14,18.85,10.55,0.03,2.32
2022,1,15,18.6,9.01,0,3.54
2022,1,16,20,9.56,0,3.57
2022,1,17,20.06,10.26,0,3.01
2022,1,18,20.46,8.77,0,2.64
2022,1,19,20.37,8.1,0,2.63
2022,1,20,20.21,7.48,0,2.93
2022,1,21,19.49,10.28,0,3.28
2022,1,22,19.55,11.86,0.01,5.32
2022,1,23,15.04,7.02,0,4.2
2022,1,24,12.99,3.94,0,2.4
2022,1,25,13.88,4.18,0,2.72
2022,1,26,15.55,4.9,0,2.77
2022,1,27,16.49,4.78,0,3.93
2022,1,28,17.62,5.12,0,3.9
2022,1,29,19.3,5.18,0,2.88
2022,1,30,19.76,5.01,0,2.14
2022,1,31,19.59,4.72,0,2.52
2022,2,1,20.83,5.53,0,2.15
2022,2,2,21.29,6.34,0,2.55
2022,2,3,18.99,8.19,0,4.4
2022,2,4,18.78,6.8,0,2.67
2022,2,5,18.88,3.84,0,2.41
2022,2,6,19.96,4.81,0,3.54
2022,2,7,20.67,6.16,0,2.11
2022,2,8,19.99,8.58,0,2.44
2022,2,9,19.72,7.93,0,2.58
2022,2,10,20.65,5.5,0,3.5
2022,2,11,21.18,4.74,0,4.26
2022,2,12,21.55,4.36,0,3.46
2022,2,13,21.99,5.05,0,2.57
2022,2,14,21.52,5.97,0,3.23
2022,2,15,20.69,7.23,0,2.93
2022,2,16,20.67,7.37,0,2.22
2022,2,17,21.68,7.85,0,2.48
2022,2,18,22.39,8.08,0,2.91
2022,2,19,23.7,7.85,0,2.51
2022,2,20,23.67,5.64,0,2.97
2022,2,21,23.66,3.83,0,2.92
2022,2,22,24.63,4.7,0,2.28
2022,2,23,25.61,5.43,0,2.45
2022,2,24,25.27,5.76,0,2.76
2022,2,25,25.5,5.26,0,2.52
2022,2,26,25.43,5.8,0,2.44
2022,2,27,24.75,4.86,0,2.65
2022,2,28,24.72,4.09,0,3.11
2022,3,1,25.25,4.44,0,2.66
2022,3,2,25.8,5.35,0,3.17
2022,3,3,26.27,5.26,0,3.54
2022,3,4,26.14,4.88,0,3.31
2022,3,5,26.32,4.9,0,2.71
2022,3,6,26.82,5.6,0,3.01
2022,3,7,27.67,6.65,0.06,2.92
2022,3,8,28,8.21,2.53,2.63
2022,3,9,27.02,9.19,1.18,2.22
2022,3,10,27.13,7.86,0.01,2.28
2022,3,11,28.38,7.46,0.51,1.7
2022,3,12,28.06,6.22,0.02,3.43
2022,3,13,27.04,3.8,0,3.85
2022,3,14,27.76,4.02,0,2.73
2022,3,15,28.88,4.74,0,3.13
2022,3,16,28.71,4.83,0,3.71
2022,3,17,29.32,5.19,0,3.3
2022,3,18,29.51,4.96,0,3.85
2022,3,19,29.05,5.47,0,3.73
2022,3,20,28.29,6.53,0,3.02
2022,3,21,28.24,6.34,0,3.54
2022,3,22,29.45,5.54,0,3.83
2022,3,23,30.17,5.07,0,3.26
2022,3,24,29.94,5.39,0,3.5
2022,3,25,29.39,7.27,0,2.55
2022,3,26,29.34,7.62,0,2.57
2022,3,27,29.71,8.77,0,2.43
2022,3,28,29.93,8.24,0,2.98
2022,3,29,29.99,5.96,0,3.63
2022,3,30,29.83,5.38,0,3.53
2022,3,31,28.61,5.48,0,3.42
2022,4,1,28.98,3.67,0,3.22
2022,4,2,29.52,4.53,0,2.76
2022,4,3,30.26,5.32,0,3.01
2022,4,4,31.22,5.72,0,3.25
2022,4,5,31.43,6.71,0,3
2022,4,6,31.3,7.99,0.01,3.52
2022,4,7,31.25,6.25,0,3.34
2022,4,8,31.85,5.53,0,3.05
2022,4,9,30.01,8.87,0,4.25
2022,4,10,29.64,9.46,0,3.63
2022,4,11,30.03,9.32,0,3.48
2022,4,12,30.56,7.96,0,2.73
2022,4,13,30.44,7.12,0,3
2022,4,14,29.52,8.6,0,3.53
2022,4,15,28.27,10.07,0,4
2022,4,16,28.24,9.18,0,3.59
2022,4,17,28.77,8.98,0,3.51
2022,4,18,29.5,9.68,0,3.42
2022,4,19,29.24,8.07,0,3.98
2022,4,20,27.99,11.24,0,3.94
2022,4,21,30.98,8.09,0,4.02
2022,4,22,31.98,7.92,0.01,2.55
2022,4,23,32.43,7.63,0.05,2.04
2022,4,24,31.29,8.29,0,3.69
2022,4,25,31.58,7.89,0,3.15
2022,4,26,31.84,6.95,0,3.32
2022,4,27,32.5,7.11,0,3.83
2022,4,28,33.23,7.55,0,4.05
2022,4,29,31.9,8.82,0,4.06
2022,4,30,30.76,9.06,0,4.56
2022,5,1,29.49,11.8,0,4.71
2022,5,2,29.5,12.45,0,4.42
2022,5,3,29.03,13.62,0,4.52
2022,5,4,29.35,11.1,0,3.31
2022,5,5,29.44,11.02,0,3.94
2022,5,6,30.41,11.79,0,3.53
2022,5,7,30.81,10.75,0,3.78
2022,5,8,32.31,9.86,0,3.39
2022,5,9,31.52,11.46,0,5.48
2022,5,10,31.26,13.26,0,6.16
2022,5,11,31.51,13.37,0,4.71
2022,5,12,30.48,15.56,0,6.32
2022,5,13,29.67,14.54,0,6.56
2022,5,14,29.67,14.36,0,6.45
2022,5,15,29.91,14.79,0,6.06
2022,5,16,30.17,15.22,0,5.11
2022,5,17,29.55,14.23,0,4.88
2022,5,18,29.68,12.94,0,4.82
2022,5,19,30.44,13.2,0.24,4.29
2022,5,20,29.06,13.57,0.09,6.17
2022,5,21,27.66,14.95,0,8.09
2022,5,22,27.44,15.8,0,8.63
2022,5,23,27.91,16.48,5.08,8
2022,5,24,27.27,16.88,5.54,6.53
2022,5,25,27.54,15.53,0.32,5.03
2022,5,26,27.32,15.09,0,5.67
2022,5,27,27.34,15.3,0,6.78
2022,5,28,27.78,15.62,0,6.8
2022,5,29,27.53,15.53,0,6.94
2022,5,30,27.99,15.39,0,6.34
2022,5,31,28.48,14.87,0.01,5.86
2022,6,1,28.96,14.82,0.02,5.83
2022,6,2,29.12,13.56,0,5.86
2022,6,3,28.93,13.74,0,5.98
2022,6,4,29.34,13.25,0,5.72
2022,6,5,29.54,14.23,0.15,4.93
2022,6,6,29.05,14.43,0.04,5.65
2022,6,7,28.31,14.43,0,5.9
2022,6,8,28.37,16.08,0,5.95
2022,6,9,27.84,16.47,4.36,5.41
2022,6,10,26.89,17.6,5.43,4.32
2022,6,11,26.38,17.61,10.46,5.03
2022,6,12,25.94,17.15,1.53,4.6
2022,6,13,27.01,15.76,0.76,4.82
2022,6,14,27.33,15.7,0.33,5.2
2022,6,15,26.65,17.08,1.22,5.96
2022,6,16,26.74,17.07,1.77,5.49
2022,6,17,26.6,17.43,1.91,5.03
2022,6,18,27.01,16.71,1.43,5.37
2022,6,19,26.39,18.05,10.88,6.28
2022,6,20,25.55,18.83,32.53,7.24
2022,6,21,25.65,18.46,12.63,6.47
2022,6,22,24.92,18.45,25.87,3.52
2022,6,23,25.56,17.65,17.93,2.33
2022,6,24,24.87,18.56,13.86,1.65
2022,6,25,26.45,18.15,6.27,2.2
2022,6,26,26.16,18.11,4.1,3
2022,6,27,25.35,18.04,2.91,5.72
2022,6,28,25.12,18.15,13.51,5.95
2022,6,29,25.68,18.82,10.68,6.21
2022,6,30,24.69,18.82,27.32,6.63
2022,7,1,24.5,18.72,46.75,6.64
2022,7,2,24.8,18.71,29.4,6.77
2022,7,3,24.82,18.61,9.18,6.93
2022,7,4,24.38,18.81,38.79,7.06
2022,7,5,24.12,18.61,40.8,7.19
2022,7,6,24.58,18.87,41.89,6.75
2022,7,7,24.13,18.52,38.93,7.52
2022,7,8,23.77,18.63,61.58,8.09
2022,7,9,24.02,18.74,60.57,8.35
2022,7,10,23.44,18.53,71.79,7.64
2022,7,11,23.63,18.68,85.69,7.37
2022,7,12,23.18,18.19,69.71,8.82
2022,7,13,23.32,18.54,89.7,8.59
2022,7,14,23.06,18.26,79.66,7.75
2022,7,15,23.48,18.33,39.39,7.83
2022,7,16,23.94,18.57,21.4,8.04
2022,7,17,24.16,18.61,8.47,6.64
2022,7,18,23.12,17.91,20.36,6.56
2022,7,19,23.64,18.21,25.47,6.66
2022,7,20,23.84,18.2,13.27,6.88
2022,7,21,23.72,17.96,7.21,6.12
2022,7,22,23.33,17.7,5.37,5.28
2022,7,23,23.31,18.06,29.95,6.11
2022,7,24,23.44,18.02,28.77,6.66
2022,7,25,23.44,17.7,8.49,5.93
2022,7,26,23.22,17.61,6.06,4.42
2022,7,27,23.91,17.78,6.07,3.22
2022,7,28,24.19,17.8,3.53,2.17
2022,7,29,24.17,18.05,1.36,2.23
2022,7,30,24.01,17.99,1.4,2.72
2022,7,31,24.11,18.04,1.39,3.73
2022,8,1,24.2,17.9,1.12,4.26
2022,8,2,23.82,18.07,2.04,3.86
2022,8,3,24.47,18.6,10.66,3.59
2022,8,4,24.28,18.67,42.7,3.32
2022,8,5,24.21,18.51,44.2,3.56
2022,8,6,23.78,18.24,13.06,3.92
2022,8,7,23.27,17.44,33.85,3.01
2022,8,8,23.91,19.08,30.95,4.4
2022,8,9,23.63,18.58,21.76,6.59
2022,8,10,23.65,18.84,18.02,8.27
2022,8,11,23.31,18.16,22.2,10.71
2022,8,12,23.59,18.04,15.28,9.69
2022,8,13,23.45,17.86,13.35,8.2
2022,8,14,23.21,17.44,7.35,8.06
2022,8,15,22.35,17.22,33.32,7.48
2022,8,16,22.25,17.18,47.46,8.61
2022,8,17,23.16,17.64,25.87,8.4
2022,8,18,23.33,17.67,10.34,6.58
2022,8,19,23.57,17.8,5.24,6.34
2022,8,20,23.46,17.65,3.66,6.14
2022,8,21,23.2,17.55,3.24,6.14
2022,8,22,23.11,17.55,6.57,7.21
2022,8,23,23.89,18.08,9.35,6.94
2022,8,24,23.63,17.49,5.34,5.71
2022,8,25,23.71,17.55,2.11,4.5
2022,8,26,23.36,17.06,0.55,3.21
2022,8,27,23.13,16.51,0.05,3.27
2022,8,28,23.01,16.56,0.12,2.92
2022,8,29,23.57,16.46,0,2.1
2022,8,30,24.47,17.64,12.14,1.84
2022,8,31,24.99,18.76,60.94,1.92
2022,9,1,24.14,18.7,22.1,2.41
2022,9,2,25.85,19.01,1.88,1.55
2022,9,3,25.66,19.2,2.43,2.48
2022,9,4,24.39,19.04,5.83,3.03
2022,9,5,24.01,18.18,8.18,3.37
2022,9,6,23.9,17.88,8.67,2.14
2022,9,7,24.6,18.16,11.04,2.01
2022,9,8,25.14,18.85,74.44,2.13
2022,9,9,25.29,19.28,4.54,2.59
2022,9,10,25.45,19.17,7,1.68
2022,9,11,25.25,19.83,10.94,2.55
2022,9,12,24.08,19.33,6.19,3.75
2022,9,13,23.43,18.49,27.71,5.49
2022,9,14,23.72,18.48,25.9,6.58
2022,9,15,24.04,18.82,40.92,7.41
2022,9,16,23.24,18.23,79.43,5.1
2022,9,17,23.52,18.42,29.03,4.43
2022,9,18,23.21,17.4,31.06,3.37
2022,9,19,22.61,16.84,10.56,4.42
2022,9,20,22.73,17.01,14.35,4.57
2022,9,21,22.6,16.87,7.64,4.65
2022,9,22,21.85,16.34,3.71,4.72
2022,9,23,21.98,16.48,1.67,4.49
2022,9,24,22.81,16.87,0.81,3.69
2022,9,25,23.01,16.9,1.09,2.8
2022,9,26,22.88,16.7,1.03,2.57
2022,9,27,23.42,17.16,0.89,2.08
2022,9,28,23.61,17.72,1.73,2.14
2022,9,29,22.89,17.33,2.77,2.61
2022,9,30,24.08,17.85,8.88,2.48
2022,10,1,23.59,17.27,3.48,2.63
2022,10,2,22.96,16.71,0.26,2.8
2022,10,3,22.66,16.19,0.01,2.67
2022,10,4,23.28,16.66,0.17,2.72
2022,10,5,22.74,16.29,0.24,3.47
2022,10,6,21.62,15.43,2.14,3.49
2022,10,7,23.9,17.97,20.21,2.35
2022,10,8,22.84,17.42,7.13,4.26
2022,10,9,23.68,17.56,0.64,2.9
2022,10,10,24.11,17.72,15.99,1.98
2022,10,11,24.37,17.9,23.82,1.42
2022,10,12,23.08,17.38,11.82,2.66
2022,10,13,22.49,15.43,3.92,3.26
2022,10,14,22.2,15.83,6.4,4.14
2022,10,15,21.01,12.88,0.96,4.65
2022,10,16,21.75,14.37,0.71,4.49
2022,10,17,24.14,17.78,8.92,2.9
2022,10,18,23.54,17.95,13.32,2.86
2022,10,19,23.78,17,14.9,2.08
2022,10,20,23.44,15.45,9.06,2.06
2022,10,21,23.15,16.53,4.51,3.85
2022,10,22,21.74,14.03,0.07,4.32
2022,10,23,19.73,11.46,0,3.7
2022,10,24,20.5,10.85,0,2.47
2022,10,25,20.69,10.86,0,2.06
2022,10,26,20.29,10.65,0,2.28
2022,10,27,19.88,10.95,0,2.87
2022,10,28,19.56,11.33,0,3.2
2022,10,29,19.6,11.36,0,3.62
2022,10,30,19.93,11.84,0,3.39
2022,10,31,19.88,11.52,0,3.54
2022,11,1,18.66,11.09,0,3.64
2022,11,2,18.74,10.93,0,3.88
2022,11,3,19.65,11.52,0,3.77
2022,11,4,19.71,11.36,0,3.49
2022,11,5,20.5,11.6,0,3.54
2022,11,6,21.28,11.33,0,2.82
2022,11,7,21.99,10.86,0,1.57
2022,11,8,22.27,11.76,0,1.5
2022,11,9,21.98,11.89,0,1.86
2022,11,10,20.37,12.12,0,3.52
2022,11,11,20.36,12.65,0,3.74
2022,11,12,20.04,12.21,0,3.95
2022,11,13,19.63,12.06,0,3.82
2022,11,14,20.45,11.44,0,2.28
2022,11,15,20.1,11.45,0,2.24
2022,11,16,18.94,10.66,0,3.13
2022,11,17,18.5,10.05,0,3.63
2022,11,18,17.5,9.39,0,4.04
2022,11,19,17.41,9.31,0,4.12
2022,11,20,16.19,8.18,0,4.07
2022,11,21,16.41,8.23,0,3.72
2022,11,22,16.98,8.93,0,3.66
2022,11,23,18.03,9.25,0,3.73
2022,11,24,18.65,9.66,0,3.08
2022,11,25,20.39,11.57,0,2.91
2022,11,26,20.23,11.86,0,2.5
2022,11,27,20.39,10.83,0,2.26
2022,11,28,21.16,8.63,0,1.48
2022,11,29,19.94,9.66,0,2.32
2022,11,30,19.36,10.32,0,3.49
2022,12,1,19,9.33,0,3.39
2022,12,2,20.13,8.92,0,2.24
2022,12,3,21.12,9.95,0,2.1
2022,12,4,21.91,12.95,0,2.14
2022,12,5,22.87,13.81,0,2.17
2022,12,6,21.95,12.31,0,2.82
2022,12,7,20.42,11.51,0,3.77
2022,12,8,18.33,7.93,0,4.27
2022,12,9,17.27,6.92,0,4.8
2022,12,10,18.97,8.16,0,3.59
2022,12,11,22.25,12.51,0,3.64
2022,12,12,23,14.41,0,3.5
2022,12,13,23.49,15.03,0.19,3.28
2022,12,14,22.6,14.52,2.01,2.9
2022,12,15,22.04,14.79,7.19,2.9
2022,12,16,23.23,13.71,0,2.43
2022,12,17,23.11,13.55,0,3.2
2022,12,18,22.11,11.23,0,3.4
2022,12,19,20.71,9.09,0,3.63
2022,12,20,20.43,8.58,0,3.32
2022,12,21,21.65,8.72,0,2.45
2022,12,22,21.8,9.03,0,2.13
2022,12,23,20.9,8.63,0,2.52
2022,12,24,18.67,6.36,0,2.63
2022,12,25,18.97,7.68,0,2.83
2022,12,26,20.35,9.24,0,2.5
2022,12,27,20.91,9.48,0,2.6
2022,12,28,21.26,7.87,0,1.95
2022,12,29,20.64,7.59,0,1.94
2022,12,30,20.69,7.49,0,1.99
2022,12,31,19.33,7.41,0,3.01
2023,1,1,19.07,7.43,0,2.72
2023,1,2,19.37,7.34,0,3.2
2023,1,3,19.03,7.08,0,3.63
2023,1,4,18.13,7.92,0,4.55
2023,1,5,19.48,10.24,0,4.69
2023,1,6,20.72,11.44,0,4.26
2023,1,7,20.68,10.51,0,4.17
2023,1,8,19.03,6.38,0,3.82
2023,1,9,18.7,4.74,0,3.11
2023,1,10,19.16,4.6,0,3.27
2023,1,11,19.66,4.91,0,2.93
2023,1,12,19.61,5.09,0,2.34
2023,1,13,18.09,7.82,0,2.86
2023,1,14,17,4.84,0,2.9
2023,1,15,18.38,5.32,0,3.21
2023,1,16,19.8,4.65,0,2.37
2023,1,17,19.38,4.63,0,2.66
2023,1,18,19.92,5.43,0,3.01
2023,1,19,21.36,5.56,0,2.7
2023,1,20,21.68,5.93,0,2.2
2023,1,21,20.69,6.56,0,2.44
2023,1,22,19.21,5.71,0,2.94
2023,1,23,18.81,5.63,0,2.75
2023,1,24,18.17,5.94,0.42,2.71
2023,1,25,18.56,5.78,0.19,2.45
2023,1,26,20,8.19,0.03,3.11
2023,1,27,22.41,9.5,0,4.26
2023,1,28,23.04,7.99,0,3.99
2023,1,29,21.77,9.5,0,3.3
2023,1,30,21.86,10.36,0,2.42
2023,1,31,22.01,8.16,0,4.83
2023,2,1,21.95,8.32,0,5.12
2023,2,2,21.9,6.31,0,4.32
2023,2,3,21.78,3.86,0,3.52
2023,2,4,21.82,3.35,0,2.81
2023,2,5,22.37,3.47,0,3.11
2023,2,6,22.42,3.24,0,2.73
2023,2,7,21.59,4.61,0,3.1
2023,2,8,22.93,3.66,0,3.43
2023,2,9,23.78,3.63,0,3.29
2023,2,10,24.28,3.32,0,2.46
2023,2,11,24.01,3.34,0,2.73
2023,2,12,22.98,3.98,0,4.21
2023,2,13,23.54,2.99,0,4.07
2023,2,14,23.94,2.44,0,3.64
2023,2,15,24.12,2.6,0,4.1
2023,2,16,25.12,3.13,0,3.91
2023,2,17,25.03,3.24,0,4.1
2023,2,18,25,3.29,0,4.07
2023,2,19,25.43,3.29,0,3.76
2023,2,20,25.26,2.9,0,2.47
2023,2,21,25.67,3.08,0,2.58
2023,2,22,25.01,3.44,0,2.97
2023,2,23,25.13,2.79,0,2.51
2023,2,24,25.03,3.33,0,2.89
2023,2,25,25.21,3.14,0,2.84
2023,2,26,25.08,2.66,0,2.93
2023,2,27,24.9,2.93,0,3.26
2023,2,28,25.64,3.65,0,2.97
2023,3,1,26.01,4.3,0,2.09
2023,3,2,26.51,5.17,0,2.69
2023,3,3,27.54,5.95,0,2.64
2023,3,4,28.45,6.31,0,2.09
2023,3,5,28.24,6.97,1.28,3.17
2023,3,6,26.67,8.22,5.03,3.29
2023,3,7,25.67,7.71,0.14,3.45
2023,3,8,25.63,6.99,0.13,2.61
2023,3,9,25.79,5.67,0.05,2.97
2023,3,10,25.42,4.71,0,3.11
2023,3,11,26.27,5.33,0,2.64
2023,3,12,27.93,6.51,0,2.8
2023,3,13,28.41,6.13,0,3
2023,3,14,27.83,7.05,0.17,1.92
2023,3,15,27.02,8.15,2.19,2.14
2023,3,16,24.93,10.13,1.38,2.83
2023,3,17,25.11,10.29,0.51,2.81
2023,3,18,24.52,9.3,2.49,2.48
2023,3,19,23.26,9.65,3.16,2.48
2023,3,20,22.37,10.43,0.48,3.72
2023,3,21,22.31,10.51,3.13,3.37
2023,3,22,22.5,9.9,0.02,3.28
2023,3,23,22.47,10.57,0,3.61
2023,3,24,23.35,10.16,0,3.57
2023,3,25,22.21,7.71,0,3.49
2023,3,26,22.91,7.67,0,3.25
2023,3,27,23.63,9.09,0,3.29
2023,3,28,24.44,9.09,0,2.86
2023,3,29,25.4,8.69,0,3.32
2023,3,30,24.2,10.4,0,4.05
2023,3,31,23.63,8.8,0,4.47
2023,4,1,23.92,8.79,0,3.09
2023,4,2,25.08,9.37,0,3.12
2023,4,3,25.03,9.38,0,3.21
2023,4,4,25.99,9.29,0,3.35
2023,4,5,27.8,7.94,0,2.95
2023,4,6,28.38,8.22,0,2.97
2023,4,7,29.09,7.57,0.23,2.49
2023,4,8,29.86,8.38,0.67,2.01
2023,4,9,29.91,9.52,0.27,1.73
2023,4,10,30.46,10.39,0.95,2.4
2023,4,11,31.32,9.15,0.42,2.36
2023,4,12,30.84,9.29,0.17,2.21
2023,4,13,30.13,8.92,0.8,2.39
2023,4,14,28.82,8.81,0.01,2.62
2023,4,15,29.75,8.15,2.62,1.95
2023,4,16,29.74,8.09,0.95,2.53
2023,4,17,29.47,7.78,0.2,2.34
2023,4,18,31.14,8,0,2.76
2023,4,19,31.34,8.49,0.37,3.09
2023,4,20,29.46,8.33,0.23,3.51
2023,4,21,27.23,9.78,0.17,3.95
2023,4,22,26.62,10.42,0,3.94
2023,4,23,27.32,10.22,0,3.83
2023,4,24,28.36,6.91,0,2.81
2023,4,25,29.5,5.01,0,2.67
2023,4,26,27.17,10.58,0,3.42
2023,4,27,27.69,11.54,0.06,3.28
2023,4,28,27.69,11.9,1.46,3.18
2023,4,29,26.55,10.8,0.43,3.51
2023,4,30,25.96,11.25,0.52,4.02
2023,5,1,25.87,9.63,0.07,3.8
2023,5,2,25.57,11.89,4.76,3
2023,5,3,26.59,12.52,0.39,3.33
2023,5,4,27.41,12.42,0.9,1.8
2023,5,5,28.27,12.63,0.2,2.17
2023,5,6,28.55,13.28,0.01,3.09
2023,5,7,28.56,13.57,0.41,3.3
2023,5,8,29.5,13.39,0.15,3.13
2023,5,9,30.89,12.3,0.08,2.82
2023,5,10,32.01,9.89,0,3.5
2023,5,11,32.05,8.03,0,3.25
2023,5,12,31.45,10.14,0,3.97
2023,5,13,31.14,11.27,0,4.52
2023,5,14,29.75,12.55,0,5.52
2023,5,15,28.58,13.88,0,5.32
2023,5,16,28.37,14.71,0,5.05
2023,5,17,29.3,13.59,0,4.59
2023,5,18,29.49,12.4,0,3.98
2023,5,19,30,12.08,0,3.92
2023,5,20,29.64,13.64,0,4.16
2023,5,21,29.92,13.27,0,4.49
2023,5,22,29.83,12.37,0,4.29
2023,5,23,29.88,11.59,0,4
2023,5,24,28.94,12.62,0,5.6
2023,5,25,28.3,13.54,0.02,6.2
2023,5,26,28.22,13.64,0.51,6.3
2023,5,27,27.6,14.92,0,6.51
2023,5,28,28.41,14.85,0,5.36
2023,5,29,30.22,13.29,0.12,3.74
2023,5,30,30.77,11.34,0.03,3.74
2023,5,31,30.85,11.16,0,3.58
2023,6,1,30.14,11.68,0,4.27
2023,6,2,28.12,13.85,0.2,5.5
2023,6,3,27.61,15.9,0.06,4.99
2023,6,4,28.14,15.7,1.46,3.94
2023,6,5,28.09,15.66,1.89,4.48
2023,6,6,29.02,15.42,0.03,4.66
2023,6,7,28.93,15.1,0.07,4.83
2023,6,8,29.17,15.81,0.07,4.42
2023,6,9,29.27,16.67,0.36,4.58
2023,6,10,28.39,17.29,1.33,4.91
2023,6,11,29.14,15.53,0.6,5.42
2023,6,12,29.17,15.17,0.73,7.79
2023,6,13,28.2,15.83,2.26,8.18
2023,6,14,27.62,16.23,5.11,8.49
2023,6,15,27.65,17.04,0.88,8.56
2023,6,16,27.63,17.71,1.26,9.86
2023,6,17,27.28,17.58,0.76,9.28
2023,6,18,27.47,17.2,0.05,8.16
2023,6,19,27.86,17.2,0.01,6.99
2023,6,20,28.08,17.39,0.01,6.19
2023,6,21,28.08,16.74,0,5.82
2023,6,22,27.95,16.71,0.27,5.86
2023,6,23,27.79,16.69,1.17,5.33
2023,6,24,26,17.72,19.21,4.57
2023,6,25,25.34,16.37,21.82,5.7
2023,6,26,23.44,15.77,26.47,6.69
2023,6,27,22.79,15.74,34.88,6.8
2023,6,28,23.9,17.59,57.39,7.23
2023,6,29,23.07,16.88,30.49,9.2
2023,6,30,23.68,17.84,58.54,8.71
2023,7,1,24.67,18.71,43.14,7.98
2023,7,2,25.31,19.14,27.73,6.45
2023,7,3,25.63,19.26,10.93,4.52
2023,7,4,25.42,19.57,11.61,4.32
2023,7,5,24.89,18.97,10.77,4.33
2023,7,6,23.77,17.8,21.32,4.59
2023,7,7,24.69,19.62,22.19,5.5
2023,7,8,24.56,19.14,14.2,7.83
2023,7,9,24.32,18.53,14.56,8.35
2023,7,10,24.21,18.42,11.19,7.29
2023,7,11,24.28,18.3,12.51,6.54
2023,7,12,24.33,18.08,10.49,5.65
2023,7,13,24.47,18.22,14.78,5.28
2023,7,14,24.33,18.18,17.05,5.03
2023,7,15,24.23,18.31,14.74,6.43
2023,7,16,24.55,18.91,11.51,6.38
2023,7,17,24.56,18.49,12.81,6.28
2023,7,18,23.97,18.84,53.15,7.27
2023,7,19,24.57,19.5,63.72,6.93
2023,7,20,24.38,19.32,44.27,6.91
2023,7,21,23.67,18.52,24.33,7.35
2023,7,22,23.79,18.87,29.37,6.69
2023,7,23,24.34,19.13,25.85,7.26
2023,7,24,24.49,18.98,29.11,7.83
2023,7,25,24.05,18.77,42.09,7.27
2023,7,26,23.9,18.76,25.46,7.04
2023,7,27,23.96,18.76,45.12,8.01
2023,7,28,23.88,18.61,37.03,8.06
2023,7,29,23.88,18.31,10,7.85
2023,7,30,23.9,18.33,7.48,7.64
2023,7,31,24.21,18.55,8.5,7.95
2023,8,1,24.15,18.46,6.4,8.14
2023,8,2,23.52,17.96,3.51,8.24
2023,8,3,23.21,17.64,2.27,8.25
2023,8,4,23.85,17.94,4.02,8.14
2023,8,5,23.56,17.64,5.47,7.59
2023,8,6,23.77,17.61,3.68,7.86
2023,8,7,23.3,17.31,1.13,7.94
2023,8,8,23.28,17.38,1.55,7.3
2023,8,9,23.78,17.72,1.25,6.35
2023,8,10,23.6,17.47,2.92,5.4
2023,8,11,23.89,17.48,3.81,5.44
2023,8,12,23.69,17.24,4.52,6
2023,8,13,23.24,17.02,2.3,6.53
2023,8,14,23.23,16.9,2.39,6.27
2023,8,15,23.45,16.89,2.38,5.35
2023,8,16,23.55,17.11,1.63,4.61
2023,8,17,23.63,16.95,0.79,5.13
2023,8,18,23.66,17.08,0.68,5.45
2023,8,19,23.72,17.21,2.67,5.7
2023,8,20,23.66,17.21,2.88,5.89
2023,8,21,23.44,16.78,1.58,5.26
2023,8,22,23.89,17.39,4.31,5.36
2023,8,23,24.16,17.57,3.8,5.5
2023,8,24,24.19,17.78,5.04,6.09
2023,8,25,24.45,18.18,6.98,5.62
2023,8,26,24.49,17.97,8.12,6.22
2023,8,27,24.57,17.78,4.86,5.7
2023,8,28,23.98,17.45,1.35,4.79
2023,8,29,24.12,17.21,0.23,3.7
2023,8,30,24.11,17.04,0.01,2.72
2023,8,31,24.53,16.92,0.22,1.87
2023,9,1,25.07,17.34,2.5,1.82
2023,9,2,24.66,17.83,7.81,2.56
2023,9,3,24.4,17.75,1.02,3.36
2023,9,4,23.95,16.98,0.12,4.08
2023,9,5,23.69,16.68,0.05,3.7
2023,9,6,24.36,17.77,1.75,4.74
2023,9,7,23.89,18.48,22.29,5.79
2023,9,8,23.87,18.79,61.9,6.19
2023,9,9,23.7,18.22,18.91,5.56
2023,9,10,24.41,18.38,1.5,5.69
2023,9,11,24.44,18.16,0.28,5.34
2023,9,12,24.13,17.5,0.06,5.37
2023,9,13,23.81,17.45,1.02,4.86
2023,9,14,23.33,17.08,2.16,3.72
2023,9,15,23.31,17.37,2.3,4.17
2023,9,16,22.77,17.09,6.27,5.88
2023,9,17,23.75,17.82,7.12,5.75
2023,9,18,24.52,18.36,16.5,6.23
2023,9,19,24.53,18.37,10.51,5.49
2023,9,20,24.73,18.87,6.19,4.38
2023,9,21,24.39,18.56,16.93,2.32
2023,9,22,24.57,18.56,21.93,2.63
2023,9,23,23.95,18.35,18.41,3.1
2023,9,24,23.91,18.18,9.4,3.42
2023,9,25,23.95,18.37,18.44,3.02
2023,9,26,24.8,18.33,24.65,1.3
2023,9,27,24.71,18.43,20.66,2.13
2023,9,28,24.9,18.43,7.53,2.04
2023,9,29,24.77,18.26,14.81,2.56
2023,9,30,24.63,17.93,5.16,2.86
2023,10,1,24.53,17.86,0.91,3.02
2023,10,2,23.51,17.46,1.54,3.57
2023,10,3,23.52,16.66,0,2.5
2023,10,4,22.6,15.47,0,2.49
2023,10,5,22.5,15.24,0,1.96
2023,10,6,22.87,15.62,0,1.82
2023,10,7,23.92,16.32,0,1.64
2023,10,8,23.98,15.74,0,1.88
2023,10,9,23.78,14.96,0,2.23
2023,10,10,23,14.59,0,2.13
2023,10,11,23.5,15.05,0,1.85
2023,10,12,24.11,15.22,0,2.42
2023,10,13,24.71,15.22,0,2.56
2023,10,14,24.6,14.63,0,1.93
2023,10,15,23.98,14.99,0,2.2
2023,10,16,24.24,15.33,0,2.12
2023,10,17,23.87,14.83,2.86,2.27
2023,10,18,23.54,14.91,0.11,2.54
2023,10,19,24,14.36,0,2.17
2023,10,20,23.51,14.26,0,2.9
2023,10,21,23.81,15,0,3.04
2023,10,22,23.74,14.3,0,2.72
2023,10,23,23.52,13.69,0,2.74
2023,10,24,23.13,13.5,0,2.79
2023,10,25,22.34,12.14,0,3.1
2023,10,26,21.81,10.95,0,3.15
2023,10,27,21.42,10.52,0,3.34
2023,10,28,21.48,10.58,0,3.05
2023,10,29,21.7,10.94,0,2.71
2023,10,30,21.61,10.76,0,3.36
2023,10,31,20.69,10.27,0,3.5
2023,11,1,20.74,10.65,0,3.53
2023,11,2,21.46,11.47,0,3.23
2023,11,3,21.9,11.03,0,2.99
2023,11,4,22.2,10.46,0,3.42
2023,11,5,22.35,10.88,0,3.7
2023,11,6,21.98,11.33,0,4.1
2023,11,7,22.71,12.44,0,3.05
2023,11,8,23.25,13.41,0.38,2.98
2023,11,9,23.39,13.75,0.34,2.53
2023,11,10,22.43,14.2,5.93,2.81
2023,11,11,22.54,11.31,0,3.43
2023,11,12,22.39,10.94,0,3.75
2023,11,13,21.63,9.97,0,3.33
2023,11,14,21.17,9.92,0,2.87
2023,11,15,21.44,9.59,0,2.56
2023,11,16,21.35,9.78,0,3.1
2023,11,17,21.36,9.56,0,3.14
2023,11,18,21.58,10.29,0,3.32
2023,11,19,23.11,11.6,0,2.56
2023,11,20,23.53,12.09,0,3.17
2023,11,21,22.38,10.37,0,3.78
2023,11,22,21.4,9.68,0,3
2023,11,23,21.77,9.99,0,2.55
2023,11,24,22.87,12.44,0,4.02
2023,11,25,23.84,12.31,0.06,3.48
2023,11,26,21.55,14.55,13.9,3.93
2023,11,27,21.95,14.78,12.83,3.11
2023,11,28,21.69,13.35,0.24,1.97
2023,11,29,21.43,13.01,0.1,2.64
2023,11,30,22.11,13.5,2.06,2.45
2023,12,1,21.93,12.99,0.32,2.02
2023,12,2,22.32,13.06,0.28,3.62
2023,12,3,23.66,12.91,0,3.66
2023,12,4,23.27,13.09,0,3.16
2023,12,5,22.28,11.97,0,4.4
2023,12,6,20.96,12.01,0,4.46
2023,12,7,21.08,11.65,0,3.09
2023,12,8,21.37,11.44,0,3.03
2023,12,9,20.9,10.29,0,2.74
2023,12,10,21.27,10.38,0,2.58
2023,12,11,20.85,10.65,0,2.59
2023,12,12,20.78,10.11,0,2.03
2023,12,13,21.04,10.71,0,2.88
2023,12,14,20.63,10.17,0,4.02
2023,12,15,19.99,9.12,0,3.46
2023,12,16,19.42,8.39,0,2.23
2023,12,17,19.48,9.43,0,3.71
2023,12,18,18.64,9.08,0,5.87
2023,12,19,18.67,7.85,0,5.72
2023,12,20,17.81,6.76,0,4.99
2023,12,21,18.41,7.24,0,4.04
2023,12,22,20.34,7.41,0,2.86
2023,12,23,21.84,7.71,0,2.89
2023,12,24,21.54,7.21,0,3.82
2023,12,25,22.05,7.1,0,3.35
2023,12,26,21.75,7.69,0,2.99
2023,12,27,21.73,8.42,0,3.13
2023,12,28,22.42,8.27,0,2.86
2023,12,29,22.52,8.32,0,2.27
2023,12,30,22.7,8.66,0,2.94
2023,12,31,22.72,8.22,0,2.25
2024,1,1,22.34,8.23,0,2.03
2024,1,2,21.89,7.66,0,2.56
2024,1,3,20.91,7.14,0,2.99
2024,1,4,20.36,6.21,0,3.05
2024,1,5,19.66,6.2,0.03,2.75
2024,1,6,20.78,8.7,0.08,3.26
2024,1,7,22.32,9.56,0,3.83
2024,1,8,24.11,8.97,0,4.14
2024,1,9,23.13,9.73,1.44,3.83
2024,1,10,23.28,10.29,0.24,2.57
2024,1,11,23.9,10.31,0.01,2.55
2024,1,12,24.01,9.34,0,3.54
2024,1,13,23.7,7.97,0,3.03
2024,1,14,21.96,6.1,0,3.26
2024,1,15,19.87,3.71,0,2.7
2024,1,16,20.08,4.08,0,2.61
2024,1,17,20.3,5.2,0,2.41
2024,1,18,19.71,5.49,0,2.28
2024,1,19,20.22,5.77,0,2.94
2024,1,20,20.29,6.11,0,3.05
2024,1,21,20.56,4.81,0,3.76
2024,1,22,21.1,4.7,0,4.48
2024,1,23,19.54,3.7,0,3.49
2024,1,24,18.63,3.12,0,3.77
2024,1,25,19.99,3.5,0,3.72
2024,1,26,21.19,3.74,0,3.37
2024,1,27,22.85,4.61,0,2.61
2024,1,28,22.49,5.14,0,2.86
2024,1,29,22.77,4.98,0,2.39
2024,1,30,21.82,5.44,0,2.72
2024,1,31,21.74,6.03,0,2.86
2024,2,1,20.7,7.67,0,2.21
2024,2,2,21.05,7.32,0,2.73
2024,2,3,23.17,6.34,0,3.89
2024,2,4,24.83,6.64,0,3.04
2024,2,5,24.69,7.08,0,2.87
2024,2,6,24.2,7,0,2.86
2024,2,7,24.31,6.73,0,3.03
2024,2,8,23.56,5.88,0,3.59
2024,2,9,23.79,5.86,0,3.71
2024,2,10,23.11,5.28,0,3.4
2024,2,11,23.11,4.59,0,3.03
2024,2,12,23.37,4.62,0,3.09
2024,2,13,23.18,4.44,0,3.01
2024,2,14,23.6,3.98,0,3.45
2024,2,15,24.08,5.22,0,3.27
2024,2,16,26.08,6.77,0,3.66
2024,2,17,26.62,7.04,0,2.47
2024,2,18,25.9,5.89,0,2.54
2024,2,19,25.13,5.53,0,2.87
2024,2,20,23.37,6.93,0,3.19
2024,2,21,21.89,9.92,0,4.03
2024,2,22,21.84,8.64,0,3.77
2024,2,23,21.44,6.38,0,2.16
2024,2,24,21.38,2.37,0,3.46
2024,2,25,22.51,2.11,0,3.69
2024,2,26,25.68,5.64,0,3.55
2024,2,27,27.28,7.51,0.04,2.88
2024,2,28,27.38,8.18,0.07,2.32
2024,2,29,28.56,8.07,0.35,2.18
2024,3,1,29.03,8.65,0.04,3.05
2024,3,2,25.63,10.48,0,4.62
2024,3,3,21.4,9.46,0.01,5.33
2024,3,4,20.54,4.72,0,3.03
2024,3,5,22.48,2.29,0,3.68
2024,3,6,23.83,2.34,0,3.08
2024,3,7,24.53,4.5,0,3.55
2024,3,8,25.09,5.04,0,3.73
2024,3,9,25.64,4.6,0,3.42
2024,3,10,25.93,3.82,0,3.45
2024,3,11,26.96,5.45,0,3.07
2024,3,12,26.78,6.76,0,3.33
2024,3,13,25.3,7.89,0,3.44
2024,3,14,24.33,7.46,0,3.23
2024,3,15,23.87,5.84,0,2.89
2024,3,16,24.99,6.03,0,3.05
2024,3,17,25.45,6.8,0,3.54
2024,3,18,25.62,6.39,0,3.27
2024,3,19,25.95,5.66,0,3.14
2024,3,20,26.75,3.1,0,3.34
2024,3,21,27.48,3.88,0,2.29
2024,3,22,28.88,5.07,0,2.15
2024,3,23,28.07,6.09,0,3.06
2024,3,24,27.92,8.5,0,3.02
2024,3,25,28.77,7.59,0,2.87
2024,3,26,29.75,7.41,0,2.51
2024,3,27,30.61,9.58,0,2.34
2024,3,28,30.11,10.08,0,2.51
2024,3,29,30.27,9.49,0.01,2.1
2024,3,30,30.32,8.05,0,2.59
2024,3,31,30.22,6.79,0,2.72
2024,4,1,29.5,6.99,0,3.58
2024,4,2,28.81,6.35,0,2.97
2024,4,3,29.45,7.14,0,3.27
2024,4,4,28.56,8.17,0,3.66
2024,4,5,29.73,7.86,0,3.47
2024,4,6,29.6,7.1,0,3.61
2024,4,7,29.14,7,0,3.38
2024,4,8,29.34,7.06,0,2.56
2024,4,9,29.78,8.48,0,2.9
2024,4,10,29.35,8.57,0,3.22
2024,4,11,29.25,7.98,0,2.93
2024,4,12,29.6,8.33,0.01,3.39
2024,4,13,28.03,8.34,0,3.69
2024,4,14,29.31,9.09,0,2.62
2024,4,15,32.14,11.15,0,2.75
2024,4,16,32.29,9.48,0,2.62
2024,4,17,33.32,8.14,0,3
2024,4,18,32.8,9.82,0,3
2024,4,19,32.4,10.21,0,3.61
2024,4,20,30.85,11.02,0.32,3.08
2024,4,21,29.82,10.35,0.03,3.29
2024,4,22,30.21,10.82,0,3.15
2024,4,23,29.88,10.3,0,2.89
2024,4,24,31.09,10.25,0.59,2.54
2024,4,25,30.89,11.62,1.04,1.32
2024,4,26,32.23,11.83,0.49,2.46
2024,4,27,33.67,9.93,0.02,2.42
2024,4,28,33.16,9.06,0,2.89
2024,4,29,32.38,7.18,0,3.21
2024,4,30,32.09,6.54,0,3.97
2024,5,1,30.24,7.26,0,4.29
2024,5,2,29.77,7.58,0,3.22
2024,5,3,29.51,8.03,0,3.24
2024,5,4,29.87,9.51,0,3.38
2024,5,5,30.82,11.4,0,4.23
2024,5,6,30.19,12.98,0,4.51
2024,5,7,30.51,13.2,0,4.45
2024,5,8,30.88,11.84,0,3.11
2024,5,9,30.95,12.88,0,3.41
2024,5,10,30.67,13.63,1.06,2.72
2024,5,11,31.56,12.64,4.37,2.47
2024,5,12,31.35,13.5,1.05,1.93
2024,5,13,30.82,13.66,3.52,1.76
2024,5,14,30.9,13.71,2.12,2.34
2024,5,15,31.61,12.99,1.44,1.99
2024,5,16,32.19,13.31,0.45,1.95
2024,5,17,31.06,14.99,1.18,2.01
2024,5,18,32.8,12.78,0.21,2.06
2024,5,19,33.17,12.7,0.54,2.7
2024,5,20,33.26,12.29,0.51,3.72
2024,5,21,33.28,13.28,0.08,3.78
2024,5,22,34.16,13.36,0.05,2.93
2024,5,23,33.31,13.5,0.01,3.82
2024,5,24,32.03,14.02,0,5.45
2024,5,25,30.39,14.64,0,6.07
2024,5,26,30.62,15.58,0,6.24
2024,5,27,29.52,15.66,0,6.97
2024,5,28,29.88,16.21,0,7.81
2024,5,29,29.61,17.04,0.01,7.32
2024,5,30,30.03,16.94,0.01,6.25
2024,5,31,30.14,15.63,0,5.35
2024,6,1,30.48,15.89,0,5.38
2024,6,2,30.25,14.77,0,4.61
2024,6,3,29.76,16.34,2.44,4.18
2024,6,4,29.4,16.85,3.17,4.19
2024,6,5,29.02,17.27,0.88,4.46
2024,6,6,29.77,16.51,1.03,4.03
2024,6,7,29.18,17.28,4.31,3.82
2024,6,8,26.28,17.99,11.96,3.69
2024,6,9,25.93,18.67,18.13,3.61
2024,6,10,25.77,17.59,12.3,4.3
2024,6,11,26.2,17.44,4.22,5.47
2024,6,12,27.06,17.8,3.71,4.98
2024,6,13,27.18,17.98,3.73,4.46
2024,6,14,26.76,18.28,12.86,4.43
2024,6,15,27.45,17.79,3.7,3.96
2024,6,16,27.26,18,0.3,3.66
2024,6,17,27.07,18.54,10.58,4.26
2024,6,18,26.59,18.03,8.17,5.25
2024,6,19,25.83,18.72,25.6,6.46
2024,6,20,26.13,19.39,16.3,6.66
2024,6,21,26.73,19.66,4.69,6.18
2024,6,22,27.01,19.09,5.85,3.96
2024,6,23,25.91,18.46,8.35,1.87
2024,6,24,26.65,18.61,9.92,2.24
2024,6,25,26.99,19,1.82,2.76
2024,6,26,26.09,19.14,7.52,3.64
2024,6,27,25.72,19.85,10.86,6.58
2024,6,28,25.86,20.07,19.14,7.86
2024,6,29,25.69,19.31,13.42,6.8
2024,6,30,25.38,19.38,15.09,7.24
2024,7,1,25.31,19.34,29.51,9.82
2024,7,2,25.53,19.6,19.41,10.96
2024,7,3,25.69,19.32,4.97,8.17
2024,7,4,25.44,19,6.19,6.67
2024,7,5,25.7,19.38,14.94,7.88
2024,7,6,25.76,19.56,20.23,8.3
2024,7,7,25.52,19.51,15.63,6.39
2024,7,8,25.78,19.45,15.48,4.34
2024,7,9,24.8,18.6,8.96,4.71
2024,7,10,23.88,17.23,1.97,5.47
2024,7,11,24.48,18.36,13.73,5.79
2024,7,12,24.44,18.61,37.71,6.56
2024,7,13,24.74,19.68,60.09,7.96
2024,7,14,25.47,19.81,21.03,6.78
2024,7,15,24.29,18.6,11.4,4.72
2024,7,16,23.51,17.54,2.64,4.68
2024,7,17,24.03,18.49,4.72,6.23
2024,7,18,24.6,19.42,16.24,7.78
2024,7,19,24.71,19.16,21.76,7.98
2024,7,20,24.45,19.46,28.46,7.39
2024,7,21,24.66,19.55,56.85,6.39
2024,7,22,24.05,18.94,67.57,8.4
2024,7,23,24.09,19.23,70.66,8.84
2024,7,24,23.87,19.02,73.06,9.27
2024,7,25,23.46,18.5,44.36,8.83
2024,7,26,23.75,18.51,7.18,9.02
2024,7,27,24.03,18.65,2.8,8.39
2024,7,28,23.9,18.57,6.41,7.87
2024,7,29,23.17,18.17,24.42,7.07
2024,7,30,24.5,18.76,10.63,6.46
2024,7,31,24.74,19.07,7.1,5.96
2024,8,1,24.7,19,11.7,7.48
2024,8,2,24.1,18.92,22.93,8.63
2024,8,3,23.57,18.68,63.13,8.79
2024,8,4,23.43,18.52,74.55,7.6
2024,8,5,23.95,18.39,11.99,7.1
2024,8,6,23.91,18.17,6.14,6.73
2024,8,7,24.04,18.27,2.67,5.81
2024,8,8,23.74,18.06,5.25,5.47
2024,8,9,24.3,18.36,7.66,5.25
2024,8,10,24.14,18.14,6.71,5.08
2024,8,11,24.29,18.27,5.47,5.98
2024,8,12,24.34,18.33,3.05,5.31
2024,8,13,24.72,18.54,1.86,4.18
2024,8,14,24.76,18.39,1.08,3.11
2024,8,15,24.92,18.59,0.14,3.23
2024,8,16,25.01,18.74,0.81,3.57
2024,8,17,25.04,18.18,3.69,2.31
2024,8,18,25.51,18.86,55.95,1.61
2024,8,19,24.71,19.44,35.68,2.17
2024,8,20,25.61,18.95,5.7,1.6
2024,8,21,25.61,19.1,3.94,1.82
2024,8,22,25.53,19.83,4.39,1.72
2024,8,23,24.99,19.54,16.16,2.48
2024,8,24,23.83,18.56,63.5,5.13
2024,8,25,23.1,18.05,97.02,8.2
2024,8,26,22.95,17.79,33.67,8.64
2024,8,27,23.94,18.49,24.68,8.77
2024,8,28,23.92,18.46,12.44,8.44
2024,8,29,24.24,18.61,5.36,7.23
2024,8,30,24.29,18.52,3.45,4.72
2024,8,31,24.18,18.24,0.84,3.53
2024,9,1,23.64,18.04,1.02,3.85
2024,9,2,22.83,17.56,26.86,6.02
2024,9,3,21.2,15.69,6.46,5.66
2024,9,4,24.04,18.31,16.71,5.21
2024,9,5,24.34,18.76,17.97,6.08
2024,9,6,24.2,18.4,11.89,5.88
2024,9,7,23.97,18.25,7.84,4.66
2024,9,8,24.18,18.4,3.98,4.24
2024,9,9,24.13,18.24,4.05,4.12
2024,9,10,23.56,17.91,3.08,4.8
2024,9,11,23.52,17.77,4,4.73
2024,9,12,23.77,17.75,2.02,5.19
2024,9,13,23.08,16.9,2.01,4.91
2024,9,14,23.1,16.9,9.76,4.53
2024,9,15,23.14,16.87,5.6,3.98
2024,9,16,22.53,16.19,1.11,3.14
2024,9,17,22.44,16.05,4.72,3.27
2024,9,18,22.26,15.94,2.69,2.54
2024,9,19,23.31,16.54,0,2.57
2024,9,20,23.37,17.08,0.67,2.36
2024,9,21,24.38,18.01,0.24,3.05
2024,9,22,24.76,18.76,10.34,3.1
2024,9,23,24.51,18.99,11.36,2.84
2024,9,24,24.38,19.7,102.75,4.12
2024,9,25,24.62,19.77,33.15,2.97
2024,9,26,23.84,19.08,72.32,5.1
2024,9,27,24.09,19.02,42.98,6.05
2024,9,28,23.93,18.4,12.69,5.07
2024,9,29,23.94,18.31,6.83,3.97
2024,9,30,24.91,18.26,0.29,1.76
2024,10,1,25.39,18.49,0.19,1.62
2024,10,2,25.12,18.73,1.02,2.09
2024,10,3,24.35,18.31,0.73,2.66
2024,10,4,23.88,17.7,0.03,2.82
2024,10,5,23.96,16.55,0.03,1.68
2024,10,6,24.23,17.32,3.01,2.9
2024,10,7,24.07,16.5,0.02,4.2
2024,10,8,23.99,16.3,0,3.39
2024,10,9,23.2,16.94,9.95,2.86
2024,10,10,24.12,17.86,22.61,3.63
2024,10,11,24.6,18.32,18.33,4.09
2024,10,12,24.96,18.43,3.37,3.63
2024,10,13,25.07,18.58,7.15,2.86
2024,10,14,25.16,18.1,0.98,2.15
2024,10,15,25.05,18.65,4.2,2.46
2024,10,16,25.22,18.65,1.62,2.22
2024,10,17,24.98,18.83,0.02,3.18
2024,10,18,24.42,17.94,14.94,4.15
2024,10,19,24.6,18.75,22.2,1.89
2024,10,20,24.32,17.22,4.43,2.58
2024,10,21,23.81,16.34,1.25,2.47
2024,10,22,24.48,17.13,2.01,2.02
2024,10,23,24.12,16.91,0.5,2.55
2024,10,24,23.25,15.14,0,2.88
2024,10,25,22.19,13.62,0,2.97
2024,10,26,22.2,13.41,0,3.13
2024,10,27,22.54,14.03,0,2.68
2024,10,28,22.98,14.56,0,2.15
2024,10,29,22.98,14.93,0.5,2.32
2024,10,30,23.01,14.6,0,2.7
2024,10,31,22.73,13.73,0,3.72
2024,11,1,22.43,13.36,0,3.37
2024,11,2,22.27,12.57,0,2.87
2024,11,3,22.04,13.32,0,2.8
2024,11,4,21.99,13.52,0,3.3
2024,11,5,21.72,13.04,0,3.1
2024,11,6,21.32,12.2,0,3.5
2024,11,7,20.92,12.45,0,3.4
2024,11,8,21.2,13.12,0,3.65
2024,11,9,21.23,12.9,0,3.56
2024,11,10,20.74,12.43,0,3.61
2024,11,11,20.3,12.12,0,3.44
2024,11,12,19.95,11.53,0,4.17
2024,11,13,19.52,10.81,0,4.34
2024,11,14,20.07,11.71,0,3.71
2024,11,15,21.59,13.56,0,2.84
2024,11,16,22.33,13.75,0,2.63
2024,11,17,21.17,12.46,0,3.35
2024,11,18,19.4,10.14,0,3.68
2024,11,19,18.64,10.26,0,3.77
2024,11,20,18.75,10.4,0,3.54
2024,11,21,18.56,10.42,0,3.16
2024,11,22,18.61,10.31,0,2.8
2024,11,23,19.22,10.15,0,2.72
2024,11,24,18.79,10.3,0,2.59
2024,11,25,18.3,9.81,0,4.02
2024,11,26,17.85,8.74,0,4.75
2024,11,27,17.79,8.49,0,4.9
2024,11,28,17.62,8.15,0,5.1
2024,11,29,16.97,7.94,0,4.72
2024,11,30,18.21,8.77,0,3.95
2024,12,1,20.53,12.06,0,3.88
2024,12,2,21.75,13.37,0,4.61
2024,12,3,23.16,14.94,0,4.41
2024,12,4,23.52,16.04,11.4,4.04
2024,12,5,23.67,16.18,2.92,3.08
2024,12,6,23.44,15.25,0.3,2.17
2024,12,7,21.43,12,0,2.65
2024,12,8,18.77,7.75,0,2.54
2024,12,9,15.69,5.34,0,3.96
2024,12,10,17.22,7.02,0,4.23
2024,12,11,18.96,8.44,0,3.34
2024,12,12,18.72,8.56,0,3.04
2024,12,13,17.67,7.79,0,5.16
2024,12,14,17.08,6.68,0,5.19
2024,12,15,17.83,5.97,0,4.54
2024,12,16,18.57,5.29,0,3.84
2024,12,17,18.73,5.87,0,2.97
2024,12,18,19.18,5.91,0,2.93
2024,12,19,18.94,7.36,0,3.26
2024,12,20,19.96,9.04,0,2.06
2024,12,21,19.59,10.15,0,2.41
2024,12,22,19.78,11.68,0,2.77
2024,12,23,19.89,12.47,0,2.51
2024,12,24,19.83,11.79,0,2.61
2024,12,25,20.57,11.35,0,2.76
2024,12,26,20.94,11.74,0,3.52
2024,12,27,21.19,12.9,0.23,3.31
2024,12,28,21.45,12.64,0.17,2.9
2024,12,29,21.61,12.21,0.04,2.66
2024,12,30,21.75,11.58,0,3.05
2024,12,31,21.83,10.81,0,2.84
2025,1,1,21.27,10.79,0,3.28
2025,1,2,21.01,7.66,0,4.08
2025,1,3,20.47,6.28,0,3.88
2025,1,4,21.17,6.01,0,3.38
2025,1,5,19.91,7,0,3.04
2025,1,6,18.65,7.71,0,2.75
2025,1,7,18.45,7.32,0,4.13
2025,1,8,18.27,6.27,0,3.94
2025,1,9,18.63,5.48,0,4.24
2025,1,10,19.77,7.23,0,3.47
2025,1,11,20.09,8.55,0,2.9
2025,1,12,19.43,8.47,0,2.82
2025,1,13,19.71,9.56,0,4.5
2025,1,14,21.58,9.15,0,3.55
2025,1,15,22.24,9.95,0,3.59
2025,1,16,21.51,9.73,0,1.95
2025,1,17,21.79,8.82,0,5.06
2025,1,18,21.64,7.82,0,4.16
2025,1,19,21.81,6.66,0,3.14
2025,1,20,22.21,6.09,0,2.75
2025,1,21,21.94,5.39,0,2.81
2025,1,22,22.46,5.37,0,2.72
2025,1,23,21.73,5.72,0,3.06
2025,1,24,23.1,6.53,0,3.61
2025,1,25,24.11,7.94,0,3.53
2025,1,26,24.44,7.04,0,3.02
2025,1,27,24.28,6.07,0,2.93
2025,1,28,24.69,5.19,0,2.7
2025,1,29,25.4,4.81,0,2.43
2025,1,30,24.01,5.17,0,3.19
2025,1,31,22.53,5.64,0,3.1
2025,2,1,22.2,5.88,0,2.72
2025,2,2,23.44,5.52,0,3.23
2025,2,3,24.22,6.37,0,3.22
2025,2,4,23.61,6.9,0,2.69
2025,2,5,22.7,5.28,0,3.22
2025,2,6,24.01,6.83,0,3.31
2025,2,7,24.41,7.64,0,3.44
2025,2,8,25.18,7.02,0,2.55
2025,2,9,25.56,7.06,0,2.49
2025,2,10,25.04,5.9,0,2.95
2025,2,11,24.18,4.27,0,3.16
2025,2,12,23.43,4.16,0,3.08
2025,2,13,24.21,3.84,0,3.53
2025,2,14,24.65,4.46,0,3.49
2025,2,15,25.01,4.1,0,3.44
2025,2,16,25.45,4.53,0,3.01
2025,2,17,25.32,5.12,0,2.83
2025,2,18,25.14,6.1,0,3.36
2025,2,19,25.03,6.12,0,3.37
2025,2,20,24.91,5.57,0,3.45
2025,2,21,25.62,5.24,0,3.77
2025,2,22,26,5.27,0,3.63
2025,2,23,25.99,4.64,0,3.3
2025,2,24,25.84,4.24,0,2.96
2025,2,25,26.52,4.71,0,2.81
2025,2,26,26.81,5.6,0,3.54
2025,2,27,27.1,5.59,0,3.32
2025,2,28,27.49,6.46,0,2.15
2025,3,1,27.41,6.61,0,3.08
2025,3,2,26.52,6.04,0,3.52
2025,3,3,26.72,6,0,4.12
2025,3,4,25.56,5.48,0,4.24
2025,3,5,24,2.37,0,4.5
2025,3,6,24.81,1.59,0,3.8
2025,3,7,25.9,2.92,0,3.15
2025,3,8,27.18,4.15,0,3.19
2025,3,9,28.22,4.51,0,2.41
2025,3,10,28.58,4.81,0,4.18
2025,3,11,29.33,6.3,0,3.29
2025,3,12,30.11,6.55,0,2.05
2025,3,13,29.41,6.48,0,3.34
2025,3,14,28.33,6.07,0,3.4
2025,3,15,28.33,6.71,0,2.81
2025,3,16,28.04,6.52,0,3.06
2025,3,17,26.5,6.03,0,3.29
2025,3,18,27.75,5.14,0,3.15
2025,3,19,27.49,5.99,0,3.04
2025,3,20,26.7,5.57,0,3.5
2025,3,21,25.62,7,0,3.33
2025,3,22,26.58,5.57,0,2.41
2025,3,23,28.41,4.33,0,2.19
2025,3,24,29.32,4.54,0,2.33
2025,3,25,29.17,4.91,0,2.45
2025,3,26,29.35,7.01,0,2.53
2025,3,27,26.79,9.24,0,3.44
2025,3,28,28.51,6.97,0,2.46
2025,3,29,30.09,4.05,0,3.32
2025,3,30,30.64,4.81,0,3.15
2025,3,31,31.9,4.98,0,3.01
2025,4,1,32.29,5.77,0,1.38
2025,4,2,31.44,8.2,1,2.29
2025,4,3,29.49,10.76,1.26,2.08
2025,4,4,29.26,10.56,0.01,2.27
2025,4,5,31.04,6.99,0,2.19
2025,4,6,32.02,6.28,0,2.21
2025,4,7,32.25,6.19,0,2.42
2025,4,8,33.1,6.01,0,2.33
2025,4,9,33,6.28,0,2.8
2025,4,10,30.79,8.84,0,3.26
2025,4,11,29.38,8.89,0.09,3.68
2025,4,12,28.36,10.52,0,3.58
2025,4,13,29.54,10.1,0,3
2025,4,14,30.7,8.02,0,3.36
2025,4,15,31.19,7.99,0,3.25
2025,4,16,31.71,8.69,0,3.31
2025,4,17,30.96,10.46,0,3.37
2025,4,18,31.29,9.91,0,3.29
2025,4,19,30.55,10.37,0,3.43
2025,4,20,30.21,9.53,0,3.27
2025,4,21,30.87,9.5,0,3.02
2025,4,22,32.26,7.59,0,2.78
2025,4,23,33.53,6.78,0,2.47
